COMPANY_CODE,SAKNR,TXT50,货币,部门,已结转余额,前一期间的余额,DMBTR_DEBIT,DMBTR_CREDIT,累计余额
4110,1002010201,银行存款-人民币-农业银行-基本户,CNY,,                  0.00,                  0.00,643776701.03,643776701.03,                  0.00
4110,1002010210,银行存款-人民币-农业银行-一般户1,CNY,,                394.50,                  0.00,536920370.25,536920563.75,                201.00
4110,1002010211,银行存款-人民币-农业银行-一般户2,CNY,,                  0.00,                  0.00,24679893.14,24679893.14,                  0.00
4110,1002010212,银行存款-人民币-农业银行-一般户3,CNY,,                  0.00,                  0.00,15463229.61,15463229.61,                  0.00
4110,1002010410,银行存款-人民币-交通银行-一般户1,CNY,,                173.32,                  0.00,300.02,400.0,                 73.34
4110,1002010511,银行存款-人民币-工商银行-一般户2,CNY,,                784.80,                  0.00,252878.76,253458.38,                205.18
4110,1002010810,银行存款-人民币-兴业银行-一般户1,CNY,,                150.17,                  0.00,300.03,420.0,                 30.20
4110,1002011010,银行存款-人民币-招商银行-一般户1,CNY,,                356.93,                  0.00,300.02,619.86,                 37.09
4110,1002011810,银行存款-人民币-邮政储蓄银行-一般户1,CNY,,                536.66,                  0.00,3099522.73,3099698.74,                360.65
4110,1002013810,银行存款-人民币-平安银行-一般户1,CNY,,                 52.52,                  0.00,500.04,350.0,                202.56
4110,1002015410,银行存款-人民币-日照银行-一般户1,CNY,,"          3,500,588.15",                  0.00,438.82,3501000.0,                 26.97
4110,1002015510,银行存款-人民币-青岛银行-一般户1,CNY,,                  0.00,                  0.00,348.0,61.0,                287.00
4110,1002015610,银行存款-人民币-江苏银行-一般户1,CNY,,                  0.00,                  0.00,300.0,0.0,                300.00
4110,1012090000,其他货币资金-住房公积金,CNY,,"            410,383.07",                  0.00,51.2,200.0,"            410,234.27"
4110,1012990100,其他货币资金-在途资金-供应链金融,CNY,,                  0.00,                  0.00,1112671.0,1112671.0,                  0.00
4110,1121020000,应收票据-商业承兑汇票,CNY,,                  0.00,                  0.00,17500000.0,17500000.0,                  0.00
4110,1122010000,应收账款-应收货款,CNY,,"-13,905,887.21",                  0.00,1188766480.4,1100577416.9,"         74,283,176.29"
4110,1122020000,应收账款-客户保证金,CNY,,"-40,000.00",                  0.00,20000.0,10000.0,"-30,000.00"
4110,1123000000,预付账款,CNY,,"          1,333,200.00",                  0.00,6974132.0,2972448.45,"          5,334,883.55"
4110,1221000000,其他应收款-其他,CNY,,                  0.00,                  0.00,8946.72,8946.72,                  0.00
4110,1221010000,其他应收款-瓶箱押金,CNY,,"-414,122.00",                  0.00,333817.0,210801.5,"-291,106.50"
4110,1221030000,其他应收款-陈列柜押金,CNY,,"-1,429,020.00",                  0.00,206900.0,134100.0,"-1,356,220.00"
4110,1221040000,其他应收款-保证金,CNY,,"-3,395,517.66",                  0.00,1545371.5,1147201.0,"-2,997,347.16"
4110,1231010000,坏账准备-应收账款,CNY,,"-68,770.88",                  0.00,19664.66,26551.87,"-75,658.09"
4110,1231020000,坏账准备-其他应收账款,CNY,,"-405,586.27",                  0.00,5537.02,45091.53,"-445,140.78"
4110,1403010000,原材料-原辅料,CNY,,"          6,585,441.06",                  0.00,317882946.34,317119895.66,"          7,348,491.74"
4110,1403020000,原材料-备品备件,CNY,,"          2,068,134.23",                  0.00,8030340.51,7537363.42,"          2,561,111.32"
4110,1403999998,原材料差异-物料账,CNY,,"        260,727,414.67",                  0.00,60063783.75,2325086.88,"        318,466,111.54"
4110,1403999999,原材料差异,CNY,,"-260,727,414.67",                  0.00,5776174.86,63514871.73,"-318,466,111.54"
4110,1405010000,库存商品-产成品,CNY,,"         11,829,987.50",                  0.00,476230091.22,476701028.4,"         11,359,050.32"
4110,1405020000,库存商品-外购商品,CNY,,"             57,343.85",                  0.00,5656691.42,5408000.51,"            306,034.76"
4110,1405999998,产成品差异-物料账,CNY,,"-67,733,334.64",                  0.00,12001227.47,18098896.26,"-73,831,003.43"
4110,1405999999,产成品差异,CNY,,"         67,733,334.64",                  0.00,15840351.66,9742682.87,"         73,831,003.43"
4110,1407000000,自制半成品,CNY,,"            144,694.70",                  0.00,592151233.9,592074393.21,"            221,535.39"
4110,1407999998,半成品差异-物料账,CNY,,"        573,197,615.36",                  0.00,25200668.34,5156847.55,"        593,241,436.15"
4110,1407999999,半成品差异,CNY,,"-573,197,615.36",                  0.00,4831511.3,24875332.09,"-593,241,436.15"
4110,1408000000,委托加工物资-结转,CNY,,"-38,266,795.94",                  0.00,0.0,0.0,"-38,266,795.94"
4110,1408010000,委托加工物资-材料,CNY,,"         38,266,795.94",                  0.00,0.0,0.0,"         38,266,795.94"
4110,1410000000,包装物,CNY,,"          3,712,858.33",                  0.00,94160313.12,94402622.36,"          3,470,549.09"
4110,1411020000,周转材料,CNY,,"            274,534.36",                  0.00,163516.46,209251.82,"            228,799.00"
4110,1533010000,使用权资产,CNY,,"          2,715,881.90",                  0.00,0.0,0.0,"          2,715,881.90"
4110,1533020000,累计折旧-使用权资产,CNY,,"-1,607,672.50",                  0.00,0.0,171997.17,"-1,779,669.67"
4110,1601010000,固定资产-生产用房屋及建筑物,CNY,,"         64,705,852.02",                  0.00,66262.39,0.0,"         64,772,114.41"
4110,1601020000,固定资产-非生产用房屋建筑物,CNY,,"          9,566,466.17",                  0.00,0.0,0.0,"          9,566,466.17"
4110,1601040000,固定资产-其他房屋建筑物,CNY,,"          3,839,071.54",                  0.00,0.0,0.0,"          3,839,071.54"
4110,1601050000,固定资产-机器设备,CNY,,"        201,354,868.28",                  0.00,2346902.67,1900283.95,"        201,801,487.00"
4110,1601060000,固定资产-运输设备,CNY,,"            418,520.36",                  0.00,0.0,0.0,"            418,520.36"
4110,1601070000,固定资产-器具及办公家俱,CNY,,"          1,898,895.68",                  0.00,10450.0,4750.0,"          1,904,595.68"
4110,1601080000,固定资产-电子设备,CNY,,"         12,054,562.94",                  0.00,75873.69,584507.18,"         11,545,929.45"
4110,1601090000,固定资产-品控检验设备,CNY,,"          6,856,583.51",                  0.00,0.0,0.0,"          6,856,583.51"
4110,1601100000,固定资产-其他设备,CNY,,"          7,905,932.61",                  0.00,84336.28,0.0,"          7,990,268.89"
4110,1601110000,固定资产-辅助专用设备,CNY,,"          3,456,930.52",                  0.00,46017.7,0.0,"          3,502,948.22"
4110,1602010000,累计折旧-房屋及建筑物,CNY,,"-14,783,240.86",                  0.00,0.0,772452.95,"-15,555,693.81"
4110,1602020000,累计折旧-非生产用房屋建筑物,CNY,,"-2,519,534.01",                  0.00,0.0,102874.78,"-2,622,408.79"
4110,1602040000,累计折旧-其他房屋建筑物,CNY,,"-2,526,826.49",                  0.00,0.0,90150.17,"-2,616,976.66"
4110,1602050000,累计折旧-机器设备,CNY,,"-97,277,576.90",                  0.00,1091815.45,6090596.9,"-102,276,358.35"
4110,1602060000,累计折旧-运输设备,CNY,,"-266,296.41",                  0.00,0.0,26786.82,"-293,083.23"
4110,1602070000,累计折旧-器具及办公家俱,CNY,,"-1,489,862.84",                  0.00,2557.08,96966.16,"-1,584,271.92"
4110,1602080000,累计折旧-电子设备,CNY,,"-9,133,426.23",                  0.00,534903.07,713395.65,"-9,311,918.81"
4110,1602090000,累计折旧-品控检验设备,CNY,,"-4,743,660.24",                  0.00,0.0,264786.88,"-5,008,447.12"
4110,1602100000,累计折旧-其他设备,CNY,,"-6,319,179.79",                  0.00,0.0,262514.69,"-6,581,694.48"
4110,1602110000,累计折旧-辅助专用设备,CNY,,"-1,462,963.80",                  0.00,0.0,91714.35,"-1,554,678.15"
4110,1603050000,固定资产-减值准备-机器设备,CNY,,"-3,974,630.43",                  0.00,0.0,0.0,"-3,974,630.43"
4110,1603100000,固定资产-减值准备-其他设备,CNY,,"-1,686.56",                  0.00,0.0,0.0,"-1,686.56"
4110,1603110000,固定资产-减值准备-辅助专用设备,CNY,,"-28,341.33",                  0.00,0.0,0.0,"-28,341.33"
4110,1604000000,在建工程,CNY,,"          1,406,386.01",                  0.00,328645.88,0.0,"          1,735,031.89"
4110,1606000000,固定资产清理,CNY,,                  0.00,                  0.00,860265.53,860265.53,                  0.00
4110,1701050000,无形资产-土地使用权,CNY,,"          2,228,247.22",                  0.00,0.0,0.0,"          2,228,247.22"
4110,1701070000,无形资产-软件,CNY,,"         14,006,510.77",                  0.00,0.0,0.0,"         14,006,510.77"
4110,1702050000,累计摊销-土地使用权,CNY,,"-798,796.60",                  0.00,0.0,18564.29,"-817,360.89"
4110,1702070000,累计摊销-软件,CNY,,"-5,852,555.38",                  0.00,0.0,481326.4,"-6,333,881.78"
4110,1703070000,无形资产-减值准备-软件,CNY,,"-444,860.92",                  0.00,0.0,0.0,"-444,860.92"
4110,1801010000,长期待摊费用-装修及转让费,CNY,,"            203,848.59",                  0.00,0.0,62021.45,"            141,827.14"
4110,1811010000,递延所得税资产-坏账准备-应收账款,CNY,,"             17,192.72",                  0.00,1721.8,0.0,"             18,914.52"
4110,1811020000,递延所得税资产-坏账准备-其他应收款,CNY,,"            101,396.57",                  0.00,9888.63,0.0,"            111,285.20"
4110,1811030000,递延所得税资产-固定资产减值准备,CNY,,"          1,001,164.58",                  0.00,0.0,0.0,"          1,001,164.58"
4110,1811040000,递延所得税资产-无形资产减值准备,CNY,,"            111,215.23",                  0.00,0.0,0.0,"            111,215.23"
4110,1811070000,递延所得税资产-租赁负债,CNY,,"            197,175.37",                  0.00,1967.18,0.0,"            199,142.55"
4110,1901010000,待处理财产损溢-待处理流动资产损溢,CNY,,                  0.00,                  0.00,255192.71,255192.71,                  0.00
4110,2201010000,应付票据-商业承兑汇票,CNY,,"-10,000.00",                  0.00,0.0,0.0,"-10,000.00"
4110,2202010000,应付账款-应付货款,CNY,,"-81,970,144.06",                  0.00,438639830.12,466024105.66,"-109,354,419.60"
4110,2202030100,应付账款-暂估GR/IR,CNY,,"-19,095,285.17",                  0.00,597533016.04,599973940.6,"-21,536,209.73"
4110,2203010000,预收账款-预收货款,CNY,,"-263,664.28",                  0.00,364535.87,305497.78,"-204,626.19"
4110,2204020000,租赁负债-租赁付款额,CNY,,"-839,573.81",                  0.00,0.0,0.0,"-839,573.81"
4110,2204030000,租赁负债-未确认融资费用,CNY,,"             50,872.32",                  0.00,0.0,12179.59,"             38,692.73"
4110,2211010000,应付职工薪酬-短期薪酬-工资,CNY,,"-10,655,807.26",                  0.00,28094161.6,24169630.55,"-6,731,276.21"
4110,2211020000,应付职工薪酬-短期薪酬-职工福利费,CNY,,                  0.00,                  0.00,1899500.53,1899500.53,                  0.00
4110,2211030100,短期薪酬-社会保险费-基本医疗保险费,CNY,,                  0.00,                  0.00,1101892.14,1101892.14,                  0.00
4110,2211030200,短期薪酬-社会保险费-基本养老保险费,CNY,,                  0.00,                  0.00,2705969.5,2705969.5,                  0.00
4110,2211030400,短期薪酬-社会保险费-失业保险费,CNY,,                  0.00,                  0.00,117913.63,117913.63,                  0.00
4110,2211030500,短期薪酬-社会保险费-工伤保险费,CNY,,                  0.00,                  0.00,94800.7,94800.7,                  0.00
4110,2211030600,短期薪酬-社会保险费-生育保险费,CNY,,                  0.00,                  0.00,251031.31,251031.31,                  0.00
4110,2211039900,短期薪酬-社会保险费-综合保险费,CNY,,                  0.00,                  0.00,15550.06,15550.06,                  0.00
4110,2211040000,应付职工薪酬-短期薪酬-住房公积金,CNY,,                  0.00,                  0.00,383438.0,383438.0,                  0.00
4110,2211050000,应付职工薪酬-短期薪酬-工会经费,CNY,,"-2,758,891.16",                  0.00,562410.74,566111.95,"-2,762,592.37"
4110,2211060000,应付职工薪酬-短期薪酬-职工教育经费,CNY,,"-933,173.15",                  0.00,99728.54,424584.11,"-1,258,028.72"
4110,2211070100,短期薪酬-非货币性福利-自产品发放,CNY,,                  0.00,                  0.00,92144.49,92144.49,                  0.00
4110,2211070200,短期薪酬-非货币性福利-外购商品发放,CNY,,                  0.00,                  0.00,5057.89,5057.89,                  0.00
4110,2211080000,应付职工薪酬-辞退福利,CNY,,                  0.00,                  0.00,95000.0,95000.0,                  0.00
4110,2221010000,应交税费-应交企业所得税,CNY,,"-9,763,801.13",                  0.00,16603464.67,10507073.27,"-3,667,409.73"
4110,2221020000,应交税费-应交个人所得税,CNY,,"-68,619.02",                  0.00,650584.78,632678.63,"-50,712.87"
4110,2221030101,应交税费-应交增值税-进项税额（17%）,CNY,,"        165,294,519.43",                  0.00,0.0,0.0,"        165,294,519.43"
4110,2221030102,应交税费-应交增值税-进项税额（13%）,CNY,,"        389,628,870.63",                  0.00,28927301.55,20067.4,"        418,536,104.78"
4110,2221030103,应交税费-应交增值税-进项税额（7%）,CNY,,"            487,042.35",                  0.00,0.0,0.0,"            487,042.35"
4110,2221030104,应交税费-应交增值税-进项税额（6%）,CNY,,"         22,280,202.94",                  0.00,2359727.47,0.0,"         24,639,930.41"
4110,2221030106,应交税费-应交增值税-进项税额（3%）,CNY,,"          2,684,899.43",                  0.00,129394.09,2.61,"          2,814,290.91"
4110,2221030107,应交税费-应交增值税-进项税额（11%）,CNY,,"         10,110,778.92",                  0.00,0.0,0.0,"         10,110,778.92"
4110,2221030108,应交税费-应交增值税-进项税额（5%）,CNY,,"            228,715.71",                  0.00,2231.77,0.0,"            230,947.48"
4110,2221030109,应交税费-应交增值税-进项税额（10%）,CNY,,"         10,292,754.68",                  0.00,0.0,0.0,"         10,292,754.68"
4110,2221030110,应交税费-应交增值税-进项税额（16%）,CNY,,"         30,636,406.19",                  0.00,0.0,0.0,"         30,636,406.19"
4110,2221030111,应交税费-应交增值税-进项税额（9%）,CNY,,"        205,887,427.03",                  0.00,14015743.15,0.0,"        219,903,170.18"
4110,2221030112,应交税费-应交增值税进项税-交通费9%,CNY,,"            151,858.10",                  0.00,793.16,0.0,"            152,651.26"
4110,2221030113,应交税费-应交增值税进项税-交通费3%,CNY,,"              7,068.41",                  0.00,316.44,0.0,"              7,384.85"
4110,2221030201,应交税费-应交增值税-销项税额（17%）,CNY,,"-207,075,076.63",                  0.00,0.0,0.0,"-207,075,076.63"
4110,2221030202,应交税费-应交增值税-销项税额（13%）,CNY,,"-455,503,516.46",                  0.00,5659953.26,41733554.72,"-491,577,117.92"
4110,2221030204,应交税费-应交增值税-销项税额（6%）,CNY,,"-88,394.25",                  0.00,0.0,23059.78,"-111,454.03"
4110,2221030206,应交税费-应交增值税-销项税额（11%）,CNY,,"-11,384,303.31",                  0.00,0.0,0.0,"-11,384,303.31"
4110,2221030208,应交税费-应交增值税-销项税额（16%）,CNY,,"-35,989,444.72",                  0.00,0.0,0.0,"-35,989,444.72"
4110,2221030209,应交税费-应交增值税-销项税额（10%）,CNY,,"-15,275,624.49",                  0.00,0.0,0.0,"-15,275,624.49"
4110,2221030210,应交税费-应交增值税-销项税额（9%）,CNY,,"-302,058,256.81",                  0.00,4350445.14,26145289.98,"-323,853,101.65"
4110,2221030400,应交税费-应交增值税（转出未交增值税）,CNY,,"        198,528,224.90",                  0.00,12675425.09,0.0,"        211,203,649.99"
4110,2221030500,应交税费-应交增值税（转出多交增值税）,CNY,,"-2,227,037.80",                  0.00,0.0,0.0,"-2,227,037.80"
4110,2221030600,应交税费-应交增值税（进项税额转出）,CNY,,"-6,823,274.25",                  0.00,0.0,199356.63,"-7,022,630.88"
4110,2221030700,应交税费-应交增值税（减免税款）,CNY,,"            206,160.00",                  0.00,0.0,0.0,"            206,160.00"
4110,2221040000,应交税费-未交增值税,CNY,,"-3,123,063.36",                  0.00,12788938.78,12675425.09,"-3,009,549.67"
4110,2221060000,应交税费-应交城市维护建设税,CNY,,"-218,614.43",                  0.00,895284.1,887338.15,"-210,668.48"
4110,2221070000,应交税费-应交车船使用税,CNY,,                  0.00,                  0.00,720.0,720.0,                  0.00
4110,2221080000,应交税费-应交房产税,CNY,,"-162,521.61",                  0.00,325089.61,271008.49,"-108,440.49"
4110,2221090000,应交税费-应交土地使用税,CNY,,"-58,327.38",                  0.00,116654.76,97212.3,"-38,884.92"
4110,2221110000,应交税费-教育费附加,CNY,,"-93,691.89",                  0.00,383693.19,380287.79,"-90,286.49"
4110,2221120000,应交税费-地方教育费附加,CNY,,"-62,461.27",                  0.00,255795.46,253525.18,"-60,190.99"
4110,2221140000,应交税费-水利基金,CNY,,                  0.00,                  0.00,7668.9,7668.9,                  0.00
4110,2221150000,应交税费-印花税,CNY,,"-160,296.13",                  0.00,324344.22,264045.71,"-99,997.62"
4110,2221250000,应交税费-应交环境保护税,CNY,,"-8,217.56",                  0.00,17704.36,14929.11,"-5,442.31"
4110,2221310000,应交税费-简易计税,CNY,,                  0.00,                  0.00,834.29,834.29,                  0.00
4110,2232000000,应付股利,CNY,,"-275,527.50",                  0.00,0.0,75000000.0,"-75,275,527.50"
4110,2241010000,其他应付款-员工,CNY,,"-2,001.68",                  0.00,3425053.13,3001101.78,"            421,949.67"
4110,2241040000,其他应付款-内部往来,CNY,,"        151,548,347.96",                  0.00,613177251.74,647098092.07,"        117,627,507.63"
4110,2241070000,其他应付款-其他,CNY,,"-38,720,012.56",                  0.00,11906828.25,15611860.82,"-42,425,045.13"
4110,2241080000,其他应付款-考核基金,CNY,,"-41,400.00",                  0.00,21680.0,55080.0,"-74,800.00"
4110,2241090000,其他应付款-保证金,CNY,,"-486,157.77",                  0.00,100000.0,100000.0,"-486,157.77"
4110,2241140000,其他应付款-工程设备质保金,CNY,,"-758,918.69",                  0.00,203014.3,320967.9,"-876,872.29"
4110,2401000000,递延收益-政府补助,CNY,,"-3,827,061.83",                  0.00,250428.97,0.0,"-3,576,632.86"
4110,2901010000,递延所得税负债-使用权资产,CNY,,"-277,052.35",                  0.00,25799.57,0.0,"-251,252.78"
4110,4001000000,实收资本（股本）,CNY,,"-60,000,000.00",                  0.00,0.0,0.0,"-60,000,000.00"
4110,4101010000,盈余公积-法定盈余公积,CNY,,"-30,000,000.00",                  0.00,0.0,0.0,"-30,000,000.00"
4110,4104040000,利润分配-应付现金股利或利润,CNY,,                  0.00,                  0.00,75000000.0,75000000.0,                  0.00
4110,4104080000,利润分配-未分配利润,CNY,,"-78,041,236.66",                  0.00,75000000.0,0.0,"-3,041,236.66"
4110,5001010000,生产成本-原辅料,CNY,,                  0.00,                  0.00,312284211.04,28584.93,"        312,255,626.11"
4110,5001020000,生产成本-包装物,CNY,,                  0.00,                  0.00,92567859.25,12154.33,"         92,555,704.92"
4110,5001030000,生产成本-成品,CNY,,                  0.00,                  0.00,7325416.33,475113337.32,"-467,787,920.99"
4110,5001040000,生产成本-半成品,CNY,,                  0.00,                  0.00,616010861.53,596445567.75,"         19,565,293.78"
4110,6001000000,主营业务收入,CNY,,                  0.00,                  0.00,91977211.84,603546878.24,"-511,569,666.40"
4110,6051010000,其他业务收入-废旧物资收入,CNY,,                  0.00,                  0.00,0.0,152937.98,"-152,937.98"
4110,6051030000,其他业务收入-销售材料收入,CNY,,                  0.00,                  0.00,13471.0,3144520.68,"-3,131,049.68"
4110,6051070000,其他业务收入-出租固定资产,CNY,,                  0.00,                  0.00,0.0,16685.71,"-16,685.71"
4110,6051140000,其他业务收入-非乳制品销售收入,CNY,,                  0.00,                  0.00,1444.43,104231.78,"-102,787.35"
4110,6051990000,其他业务收入-其他,CNY,,                  0.00,                  0.00,0.0,419492.74,"-419,492.74"
4110,6301010000,营业外收入-罚没收入,CNY,,                  0.00,                  0.00,0.0,78983.18,"-78,983.18"
4110,6301990000,营业外收入-其他,CNY,,                  0.00,                  0.00,0.0,21843.51,"-21,843.51"
4110,6401000000,主营业务成本,CNY,,                  0.00,                  0.00,467665958.02,93446268.17,"        374,219,689.85"
4110,6402020000,其他业务成本-材料销售成本,CNY,,                  0.00,                  0.00,4171714.65,1119880.41,"          3,051,834.24"
4110,6402030000,其他业务成本-出租固定资产的折旧额,CNY,,                  0.00,                  0.00,1926.52,0.0,"              1,926.52"
4110,6402090000,其他业务成本-非乳制品销售成本,CNY,,                  0.00,                  0.00,40510.97,0.0,"             40,510.97"
4110,6402990000,其他业务成本-其他,CNY,,                  0.00,                  0.00,4881.6,0.0,"              4,881.60"
4110,6405010000,税金及附加,CNY,,                  0.00,                  0.00,2176735.63,0.0,"          2,176,735.63"
4110,6501020000,价格重估差异,CNY,,                  0.00,                  0.00,215849198.22,215849198.22,                  0.00
4110,6501040100,其他收益-政府补助,CNY,,                  0.00,                  0.00,0.0,575984.86,"-575,984.86"
4110,6501050000,资产处置收益-固定资产,CNY,,                  0.00,                  0.00,18506.1,15515.2,"              2,990.90"
4110,6601010100,工资,CNY,,                  0.00,                  0.00,22954081.9,0.0,"         22,954,081.90"
4110,6601010200,职工福利,CNY,,                  0.00,                  0.00,2010054.66,16359.32,"          1,993,695.34"
4110,6601010300,工会经费,CNY,,                  0.00,                  0.00,566111.95,0.0,"            566,111.95"
4110,6601010400,职工教育经费,CNY,,                  0.00,                  0.00,424584.11,0.0,"            424,584.11"
4110,6601010501,基本医疗保险费,CNY,,                  0.00,                  0.00,1039433.9,0.0,"          1,039,433.90"
4110,6601010502,基本养老保险费,CNY,,                  0.00,                  0.00,2552311.0,0.0,"          2,552,311.00"
4110,6601010504,失业保险费,CNY,,                  0.00,                  0.00,111329.68,0.0,"            111,329.68"
4110,6601010505,工伤保险费,CNY,,                  0.00,                  0.00,89315.58,0.0,"             89,315.58"
4110,6601010506,生育保险费,CNY,,                  0.00,                  0.00,237183.65,0.0,"            237,183.65"
4110,6601010507,综合保险费,CNY,,                  0.00,                  0.00,15550.06,0.0,"             15,550.06"
4110,6601010600,住房公积金,CNY,,                  0.00,                  0.00,364690.38,0.0,"            364,690.38"
4110,6601010700,辞退福利,CNY,,                  0.00,                  0.00,95000.0,0.0,"             95,000.00"
4110,6601020000,办公费,CNY,,                  0.00,                  0.00,100594.91,0.0,"            100,594.91"
4110,6601030000,修理费,CNY,,                  0.00,                  0.00,3954771.95,5841.4,"          3,948,930.55"
4110,6601040000,差旅费,CNY,,                  0.00,                  0.00,424242.47,0.0,"            424,242.47"
4110,6601050100,邮电费-邮寄费,CNY,,                  0.00,                  0.00,43749.29,0.0,"             43,749.29"
4110,6601050200,邮电费-手机费,CNY,,                  0.00,                  0.00,40103.01,0.0,"             40,103.01"
4110,6601050300,邮电费-座机费,CNY,,                  0.00,                  0.00,1863.86,0.0,"              1,863.86"
4110,6601060000,物料及低值易耗品,CNY,,                  0.00,                  0.00,3725389.59,285210.25,"          3,440,179.34"
4110,6601070000,折旧费,CNY,,                  0.00,                  0.00,8480483.4,1926.52,"          8,478,556.88"
4110,6601080110,运输费-仓储,CNY,,                  0.00,                  0.00,1851018.03,0.0,"          1,851,018.03"
4110,6601080200,运输费-外部,CNY,,                  0.00,                  0.00,21919605.63,0.0,"         21,919,605.63"
4110,6601080300,运输费-装卸费,CNY,,                  0.00,                  0.00,630849.67,0.0,"            630,849.67"
4110,6601080400,运输费-送奶员费用,CNY,,                  0.00,                  0.00,95783.0,0.0,"             95,783.00"
4110,6601090100,广告费-咨询设计费,CNY,,                  0.00,                  0.00,359588.17,0.0,"            359,588.17"
4110,6601091000,广告费-分众广告及制作费,CNY,,                  0.00,                  0.00,941835.97,0.0,"            941,835.97"
4110,6601091100,广告费-卖场广告及制作费,CNY,,                  0.00,                  0.00,127358.49,0.0,"            127,358.49"
4110,6601091400,广告费-网络广告及制作费,CNY,,                  0.00,                  0.00,990931.27,0.0,"            990,931.27"
4110,6601091500,广告费-户外大牌及制作费,CNY,,                  0.00,                  0.00,280000.0,0.0,"            280,000.00"
4110,6601099900,广告费-其他,CNY,,                  0.00,                  0.00,711591.47,0.0,"            711,591.47"
4110,6601100200,宣传费-宣传品,CNY,,                  0.00,                  0.00,976917.64,74671.92,"            902,245.72"
4110,6601100300,宣传费-路演,CNY,,                  0.00,                  0.00,355007.4,0.0,"            355,007.40"
4110,6601109900,宣传费-宣传费其他,CNY,,                  0.00,                  0.00,3545950.27,86.89,"          3,545,863.38"
4110,6601110000,退料损失费,CNY,,                  0.00,                  0.00,72437.89,8089.83,"             64,348.06"
4110,6601120000,售后服务费,CNY,,                  0.00,                  0.00,46542.68,1169.35,"             45,373.33"
4110,6601130100,市场调研费-内部,CNY,,                  0.00,                  0.00,161.43,0.0,                161.43
4110,6601140101,促销费用-终端促销-促销物料,CNY,,                  0.00,                  0.00,2748557.67,0.01,"          2,748,557.66"
4110,6601140106,促销费用-终端促销-买赠,CNY,,                  0.00,                  0.00,1177273.87,135233.35,"          1,042,040.52"
4110,6601140107,促销费用-终端促销-促销人员费用,CNY,,                  0.00,                  0.00,6205339.18,0.0,"          6,205,339.18"
4110,6601140202,促销费用-中间促销-条码、进场费,CNY,,                  0.00,                  0.00,237.92,0.0,                237.92
4110,6601140204,促销费用-中间促销-管理费,CNY,,                  0.00,                  0.00,26737530.45,0.0,"         26,737,530.45"
4110,6601140299,促销费用-中间促销-其他,CNY,,                  0.00,                  0.00,2520407.5,0.0,"          2,520,407.50"
4110,6601160100,汽车费用-油料费,CNY,,                  0.00,                  0.00,23911.25,0.0,"             23,911.25"
4110,6601160200,汽车费用-过路过桥费,CNY,,                  0.00,                  0.00,6460.84,0.0,"              6,460.84"
4110,6601160500,汽车费用-修理费,CNY,,                  0.00,                  0.00,5503.53,0.0,"              5,503.53"
4110,6601160900,汽车费用-保险费,CNY,,                  0.00,                  0.00,6830.4,0.0,"              6,830.40"
4110,6601170000,租赁费,CNY,,                  0.00,                  0.00,387179.11,0.0,"            387,179.11"
4110,6601180000,水费,CNY,,                  0.00,                  0.00,1099421.37,1782.67,"          1,097,638.70"
4110,6601190000,电费,CNY,,                  0.00,                  0.00,4284152.59,3266.03,"          4,280,886.56"
4110,6601230000,劳动保护费,CNY,,                  0.00,                  0.00,51485.61,0.0,"             51,485.61"
4110,6601240000,中介机构费,CNY,,                  0.00,                  0.00,644857.14,0.0,"            644,857.14"
4110,6601250000,业务招待费,CNY,,                  0.00,                  0.00,57310.81,0.0,"             57,310.81"
4110,6601260000,会员费及会务费,CNY,,                  0.00,                  0.00,7389.88,0.0,"              7,389.88"
4110,6601270000,环境保护费,CNY,,                  0.00,                  0.00,499915.96,0.0,"            499,915.96"
4110,6601290000,无形资产摊销,CNY,,                  0.00,                  0.00,499890.69,0.0,"            499,890.69"
4110,6601300000,存货盘盈盘亏毁损报废,CNY,,                  0.00,                  0.00,-33225.31,0.0,"-33,225.31"
4110,6601320000,财产保险费,CNY,,                  0.00,                  0.00,13207.55,0.0,"             13,207.55"
4110,6601330000,试验检验费,CNY,,                  0.00,                  0.00,1662215.45,128661.44,"          1,533,554.01"
4110,6601340100,技术研发费-直接材料费,CNY,,                  0.00,                  0.00,856389.36,73228.48,"            783,160.88"
4110,6601340200,技术研发费-直接能耗费,CNY,,                  0.00,                  0.00,12319.82,0.0,"             12,319.82"
4110,6601340700,技术研发费-工资,CNY,,                  0.00,                  0.00,1215548.65,0.0,"          1,215,548.65"
4110,6601340800,技术研发费-基本养老保险,CNY,,                  0.00,                  0.00,153658.5,0.0,"            153,658.50"
4110,6601340900,技术研发费-基本医疗保险,CNY,,                  0.00,                  0.00,62458.24,0.0,"             62,458.24"
4110,6601341000,技术研发费-失业保险费,CNY,,                  0.00,                  0.00,6583.95,0.0,"              6,583.95"
4110,6601341100,技术研发费-工伤保险费,CNY,,                  0.00,                  0.00,5485.12,0.0,"              5,485.12"
4110,6601341200,技术研发费-生育保险费,CNY,,                  0.00,                  0.00,13847.66,0.0,"             13,847.66"
4110,6601341400,技术研发费-住房公积金,CNY,,                  0.00,                  0.00,18747.62,0.0,"             18,747.62"
4110,6601341500,技术研发费-试验试制费,CNY,,                  0.00,                  0.00,19216.06,0.0,"             19,216.06"
4110,6601341600,技术研发费-折旧费,CNY,,                  0.00,                  0.00,30604.98,0.0,"             30,604.98"
4110,6601341700,技术研发费-差旅费,CNY,,                  0.00,                  0.00,4599.01,0.0,"              4,599.01"
4110,6601342500,技术研发费-福利费,CNY,,                  0.00,                  0.00,3007.57,0.0,"              3,007.57"
4110,6601350000,装修及转让费,CNY,,                  0.00,                  0.00,62021.45,0.0,"             62,021.45"
4110,6601360000,周转材料费,CNY,,                  0.00,                  0.00,209251.82,0.0,"            209,251.82"
4110,6601380000,商标专利费,CNY,,                  0.00,                  0.00,3780.0,0.0,"              3,780.00"
4110,6601410000,动力能耗费,CNY,,                  0.00,                  0.00,4876051.27,64357.82,"          4,811,693.45"
4110,6601420000,招聘费,CNY,,                  0.00,                  0.00,15186.54,0.0,"             15,186.54"
4110,6601530000,劳务费,CNY,,                  0.00,                  0.00,3035423.71,0.0,"          3,035,423.71"
4110,6601540000,服务费,CNY,,                  0.00,                  0.00,615176.23,0.0,"            615,176.23"
4110,6601550000,物业费,CNY,,                  0.00,                  0.00,8597.51,0.0,"              8,597.51"
4110,6601560100,平台推广服务费-广宣,CNY,,                  0.00,                  0.00,834317.02,0.0,"            834,317.02"
4110,6601560200,平台推广服务费-其他,CNY,,                  0.00,                  0.00,1939054.38,0.0,"          1,939,054.38"
4110,6601570100,运营服务费-基础运营,CNY,,                  0.00,                  0.00,447126.17,0.0,"            447,126.17"
4110,6601570200,运营服务费-增值运营,CNY,,                  0.00,                  0.00,1535.86,0.0,"              1,535.86"
4110,6601570300,运营服务费-三方代运营,CNY,,                  0.00,                  0.00,103164.0,0.0,"            103,164.00"
4110,6601570400,运营服务费-其他,CNY,,                  0.00,                  0.00,19647.01,0.0,"             19,647.01"
4110,6601990000,其他费用,CNY,,                  0.00,                  0.00,584995.19,0.0,"            584,995.19"
4110,6603020000,财务费用-利息收入,CNY,,                  0.00,                  0.00,0.0,10226.62,"-10,226.62"
4110,6603030000,财务费用-手续费,CNY,,                  0.00,                  0.00,80108.03,0.0,"             80,108.03"
4110,6603090000,财务费用-租赁利息,CNY,,                  0.00,                  0.00,12179.59,0.0,"             12,179.59"
4110,6603990000,财务费用-其他费用,CNY,,                  0.00,                  0.00,2018.0,0.0,"              2,018.00"
4110,6701130100,信用减值损失-其他应收款坏账损失,CNY,,                  0.00,                  0.00,45091.53,5537.02,"             39,554.51"
4110,6701130200,信用减值损失-应收账款坏账损失,CNY,,                  0.00,                  0.00,26551.87,19664.66,"              6,887.21"
4110,6711020000,营业外支出-非流动资产处置损失,CNY,,                  0.00,                  0.00,1522.08,0.0,"              1,522.08"
4110,6711080000,营业外支出-滞纳金,CNY,,                  0.00,                  0.00,943.22,0.0,                943.22
4110,6711990000,营业外支出-其他,CNY,,                  0.00,                  0.00,227613.17,0.0,"            227,613.17"
4110,6801010000,所得税费用-当期所得税费用,CNY,,                  0.00,                  0.00,10507073.27,0.0,"         10,507,073.27"
4110,6801020000,所得税费用-递延所得税费用,CNY,,                  0.00,                  0.00,0.0,39377.18,"-39,377.18"
4110,6999999999,FI/CO统驭,CNY,,                  0.00,                  0.00,58969744.68,58969744.68,                  0.00
4110,9999999995,期初数据导入-总账,CNY,,"-49,403,386.03",                  0.00,0.0,0.0,"-49,403,386.03"
4110,9999999996,期初数据导入-应收,CNY,,"-10,425,323.78",                  0.00,0.0,0.0,"-10,425,323.78"
4110,9999999997,期初数据导入-应付,CNY,,"         64,437,726.99",                  0.00,0.0,0.0,"         64,437,726.99"
4110,9999999999,期初数据导入-存货,CNY,,"-4,609,017.18",                  0.00,0.0,0.0,"-4,609,017.18"
4390,1002010201,银行存款-人民币-农业银行-基本户,CNY,,"            526,577.28",                  0.00,1242309103.99,1242203152.22,"            632,529.05"
4390,1002010211,银行存款-人民币-农业银行-一般户2,CNY,,                  0.00,                  0.00,424454247.96,424454247.96,                  0.00
4390,1002010212,银行存款-人民币-农业银行-一般户3,CNY,,"          1,847,089.44",                  0.00,635251995.72,636230697.16,"            868,388.00"
4390,1002010510,银行存款-人民币-工商银行-一般户1,CNY,,                133.56,                  0.00,500.01,633.57,                  0.00
4390,1002010612,银行存款-人民币-中信实业银行-一般户3,CNY,,                892.23,                  0.00,7825035.23,7819323.17,"              6,604.29"
4390,1002010811,银行存款-人民币-兴业银行-一般户2,CNY,,"         10,509,204.33",                  0.00,1313.63,10510401.0,                116.96
4390,1002011011,银行存款-人民币-招商银行-一般户2,CNY,,"              2,359.73",                  0.00,30000.34,30037.36,"              2,322.71"
4390,1002013012,银行存款-人民币-成都银行-一般户3,CNY,,"              1,948.34",                  0.00,0.23,400.0,"              1,548.57"
4390,1002013020,银行存款-人民币-成都银行-专用户1,CNY,,"            608,751.57",                  0.00,76.09,0.0,"            608,827.66"
4390,1002013810,银行存款-人民币-平安银行-一般户1,CNY,,                355.79,                  0.00,0.04,200.0,                155.83
4390,1002013910,银行存款-人民币-国家开发银行-一般户1,CNY,,"              1,433.26",                  0.00,11064915.82,11064900.0,"              1,449.08"
4390,1002015110,银行存款-人民币-四川银行-一般户1,CNY,,"              9,685.61",                  0.00,3469533.33,3479000.0,                218.94
4390,1012990100,其他货币资金-在途资金-供应链金融,CNY,,                  0.00,                  0.00,1600191.95,1600191.95,                  0.00
4390,1101010000,交易性金融资产-成本,CNY,,"            405,988.25",                  0.00,0.0,0.0,"            405,988.25"
4390,1101020000,交易性金融资产-公允价值变动,CNY,,"            395,423.50",                  0.00,110175.25,175073.0,"            330,525.75"
4390,1122010000,应收账款-应收货款,CNY,,"         54,711,840.46",                  0.00,2156863136.48,2095475126.73,"        116,099,850.21"
4390,1122020000,应收账款-客户保证金,CNY,,"-528,384.20",                  0.00,525558.2,563441.0,"-566,267.00"
4390,1123000000,预付账款,CNY,,"-147,233.19",                  0.00,12749466.49,2558462.74,"         10,043,770.56"
4390,1221000000,其他应收款-其他,CNY,,"-107,542.64",                  0.00,743807.62,60.0,"            636,204.98"
4390,1221010000,其他应收款-瓶箱押金,CNY,,"-11,509,660.49",                  0.00,2485381.3,1191297.0,"-10,215,576.19"
4390,1221020000,内部往来-资产,CNY,,"             12,865.38",                  0.00,0.0,0.0,"             12,865.38"
4390,1221030000,其他应收款-陈列柜押金,CNY,,"-6,124,481.01",                  0.00,476079.22,1023768.42,"-6,672,170.21"
4390,1221040000,其他应收款-保证金,CNY,,"-4,247,143.17",                  0.00,2442112.71,3607992.1,"-5,413,022.56"
4390,1231010000,坏账准备-应收账款,CNY,,"-11,756,835.02",                  0.00,104984.88,155834.25,"-11,807,684.39"
4390,1231020000,坏账准备-其他应收账款,CNY,,"-1,096,267.75",                  0.00,123651.43,207527.74,"-1,180,144.06"
4390,1403010000,原材料-原辅料,CNY,,"          7,227,867.76",                  0.00,249659757.24,248914854.32,"          7,972,770.68"
4390,1403020000,原材料-备品备件,CNY,,"          2,766,770.19",                  0.00,10286566.39,10214708.67,"          2,838,627.91"
4390,1403999998,原材料差异-物料账,CNY,,"         13,598,261.92",                  0.00,2752510.15,972058.0,"         15,378,714.07"
4390,1403999999,原材料差异,CNY,,"-13,598,261.92",                  0.00,25409649.16,27190101.31,"-15,378,714.07"
4390,1405010000,库存商品-产成品,CNY,,"          7,333,604.27",                  0.00,420273626.8,421211747.08,"          6,395,483.99"
4390,1405020000,库存商品-外购商品,CNY,,"          5,456,003.49",                  0.00,125940322.7,127220871.6,"          4,175,454.59"
4390,1405999998,产成品差异-物料账,CNY,,"        535,992,256.31",                  0.00,9713351.19,16778388.08,"        528,927,219.42"
4390,1405999999,产成品差异,CNY,,"-535,992,256.31",                  0.00,16586340.93,9521304.04,"-528,927,219.42"
4390,1407000000,自制半成品,CNY,,"          1,888,034.25",                  0.00,448365412.29,448054250.57,"          2,199,195.97"
4390,1407999998,半成品差异-物料账,CNY,,"        266,955,503.94",                  0.00,41170067.1,35865622.4,"        272,259,948.64"
4390,1407999999,半成品差异,CNY,,"-266,955,503.94",                  0.00,34398955.51,39703400.21,"-272,259,948.64"
4390,1408000000,委托加工物资-结转,CNY,,"-5,601,393.98",                  0.00,111772.65,303484.32,"-5,793,105.65"
4390,1408010000,委托加工物资-材料,CNY,,"          5,601,393.98",                  0.00,179225.33,0.0,"          5,780,619.31"
4390,1408020000,委托加工物资-加工费,CNY,,                  0.00,                  0.00,124258.99,111772.65,"             12,486.34"
4390,1410000000,包装物,CNY,,"          8,259,635.09",                  0.00,62989260.26,60758520.64,"         10,490,374.71"
4390,1411020000,周转材料,CNY,,"            992,201.39",                  0.00,1583479.47,1516275.26,"          1,059,405.60"
4390,1533010000,使用权资产,CNY,,"          4,629,119.33",                  0.00,922250.88,0.0,"          5,551,370.21"
4390,1533020000,累计折旧-使用权资产,CNY,,"-3,077,775.87",                  0.00,0.0,374738.18,"-3,452,514.05"
4390,1601010000,固定资产-生产用房屋及建筑物,CNY,,"        158,221,655.41",                  0.00,0.0,0.0,"        158,221,655.41"
4390,1601020000,固定资产-非生产用房屋建筑物,CNY,,"         62,062,964.17",                  0.00,0.0,0.0,"         62,062,964.17"
4390,1601040000,固定资产-其他房屋建筑物,CNY,,"         23,499,979.25",                  0.00,0.0,0.0,"         23,499,979.25"
4390,1601050000,固定资产-机器设备,CNY,,"        438,784,158.61",                  0.00,412256.64,0.0,"        439,196,415.25"
4390,1601060000,固定资产-运输设备,CNY,,"          1,672,607.66",                  0.00,999439.37,682049.74,"          1,989,997.29"
4390,1601070000,固定资产-器具及办公家俱,CNY,,"          1,949,213.62",                  0.00,0.0,0.0,"          1,949,213.62"
4390,1601080000,固定资产-电子设备,CNY,,"         35,557,893.96",                  0.00,3018549.08,862140.17,"         37,714,302.87"
4390,1601090000,固定资产-品控检验设备,CNY,,"          7,036,930.11",                  0.00,0.0,0.0,"          7,036,930.11"
4390,1601100000,固定资产-其他设备,CNY,,"          3,762,580.63",                  0.00,175704.22,0.0,"          3,938,284.85"
4390,1601110000,固定资产-辅助专用设备,CNY,,"          7,331,230.03",                  0.00,548938.05,0.0,"          7,880,168.08"
4390,1602010000,累计折旧-房屋及建筑物,CNY,,"-40,556,581.51",                  0.00,0.0,1791055.28,"-42,347,636.79"
4390,1602020000,累计折旧-非生产用房屋建筑物,CNY,,"-13,896,380.65",                  0.00,0.0,387712.23,"-14,284,092.88"
4390,1602040000,累计折旧-其他房屋建筑物,CNY,,"-10,109,854.19",                  0.00,0.0,457867.39,"-10,567,721.58"
4390,1602050000,累计折旧-机器设备,CNY,,"-309,159,805.39",                  0.00,0.0,13641363.9,"-322,801,169.29"
4390,1602060000,累计折旧-运输设备,CNY,,"-1,054,138.46",                  0.00,647947.25,106070.38,"-512,261.59"
4390,1602070000,累计折旧-器具及办公家俱,CNY,,"-1,798,923.08",                  0.00,0.0,13977.77,"-1,812,900.85"
4390,1602080000,累计折旧-电子设备,CNY,,"-28,766,781.08",                  0.00,764406.07,1517558.8,"-29,519,933.81"
4390,1602090000,累计折旧-品控检验设备,CNY,,"-5,820,388.37",                  0.00,0.0,102420.51,"-5,922,808.88"
4390,1602100000,累计折旧-其他设备,CNY,,"-2,549,871.05",                  0.00,0.0,162269.03,"-2,712,140.08"
4390,1602110000,累计折旧-辅助专用设备,CNY,,"-2,147,900.17",                  0.00,0.0,246094.82,"-2,393,994.99"
4390,1603020000,固定资产-减值准备-非生产用房屋建筑物,CNY,,"-18,063,464.84",                  0.00,0.0,0.0,"-18,063,464.84"
4390,1603050000,固定资产-减值准备-机器设备,CNY,,"-5,637,734.28",                  0.00,0.0,0.0,"-5,637,734.28"
4390,1604000000,在建工程,CNY,,"            121,162.04",                  0.00,1079770.5,0.0,"          1,200,932.54"
4390,1606000000,固定资产清理,CNY,,                  0.00,                  0.00,168837.4,168837.4,                  0.00
4390,1701010000,无形资产-专利权,CNY,,"          9,609,120.22",                  0.00,0.0,0.0,"          9,609,120.22"
4390,1701050000,无形资产-土地使用权,CNY,,"         40,725,940.36",                  0.00,0.0,0.0,"         40,725,940.36"
4390,1701070000,无形资产-软件,CNY,,"         35,277,612.55",                  0.00,24952.83,0.0,"         35,302,565.38"
4390,1702010000,累计摊销-专利权,CNY,,"-9,609,120.22",                  0.00,0.0,0.0,"-9,609,120.22"
4390,1702050000,累计摊销-土地使用权,CNY,,"-9,774,559.60",                  0.00,0.0,457121.31,"-10,231,680.91"
4390,1702070000,累计摊销-软件,CNY,,"-14,545,121.26",                  0.00,0.0,1213215.86,"-15,758,337.12"
4390,1703070000,无形资产-减值准备-软件,CNY,,"-2,230,284.41",                  0.00,0.0,0.0,"-2,230,284.41"
4390,1801010000,长期待摊费用-装修及转让费,CNY,,"             93,632.93",                  0.00,171012.38,38362.67,"            226,282.64"
4390,1811010000,递延所得税资产-坏账准备-应收账款,CNY,,"          1,763,525.25",                  0.00,7627.41,0.0,"          1,771,152.66"
4390,1811020000,递延所得税资产-坏账准备-其他应收款,CNY,,"            164,440.16",                  0.00,12581.45,0.0,"            177,021.61"
4390,1811030000,递延所得税资产-固定资产减值准备,CNY,,"          3,555,179.87",                  0.00,0.0,0.0,"          3,555,179.87"
4390,1811040000,递延所得税资产-无形资产减值准备,CNY,,"            334,542.66",                  0.00,0.0,0.0,"            334,542.66"
4390,1811070000,递延所得税资产-租赁负债,CNY,,"            197,936.48",                  0.00,52376.51,0.0,"            250,312.99"
4390,1901010000,待处理财产损溢-待处理流动资产损溢,CNY,,                  0.00,                  0.00,987996.62,987996.62,                  0.00
4390,2201030000,应付票据-国内信用证,CNY,,"-31,530,877.80",                  0.00,0.0,2227788.09,"-33,758,665.89"
4390,2202010000,应付账款-应付货款,CNY,,"-140,698,295.76",                  0.00,616272014.12,661082607.37,"-185,508,889.01"
4390,2202030100,应付账款-暂估GR/IR,CNY,,"-13,343,606.80",                  0.00,624982143.03,632241653.32,"-20,603,117.09"
4390,2202040000,内部往来-负债,CNY,,"-12,865.38",                  0.00,0.0,0.0,"-12,865.38"
4390,2203010000,预收账款-预收货款,CNY,,"-1,210.37",                  0.00,680.64,1131.04,"-1,660.77"
4390,2204020000,租赁负债-租赁付款额,CNY,,"-1,388,175.17",                  0.00,1276615.1,1763409.47,"-1,874,969.54"
4390,2204030000,租赁负债-未确认融资费用,CNY,,"             68,598.63",                  0.00,56878.26,26204.1,"             99,272.79"
4390,2211010000,应付职工薪酬-短期薪酬-工资,CNY,,"-12,826,027.56",                  0.00,47119453.69,43436077.48,"-9,142,651.35"
4390,2211020000,应付职工薪酬-短期薪酬-职工福利费,CNY,,                  0.00,                  0.00,1601914.04,1601914.04,                  0.00
4390,2211030100,短期薪酬-社会保险费-基本医疗保险费,CNY,,                  0.00,                  0.00,1990962.75,1990962.75,                  0.00
4390,2211030200,短期薪酬-社会保险费-基本养老保险费,CNY,,                  0.00,                  0.00,4249159.2,4249159.2,                  0.00
4390,2211030400,短期薪酬-社会保险费-失业保险费,CNY,,                  0.00,                  0.00,159401.62,159401.62,                  0.00
4390,2211030500,短期薪酬-社会保险费-工伤保险费,CNY,,                  0.00,                  0.00,187042.21,187042.21,                  0.00
4390,2211030600,短期薪酬-社会保险费-生育保险费,CNY,,                  0.00,                  0.00,212624.64,212624.64,                  0.00
4390,2211039900,短期薪酬-社会保险费-综合保险费,CNY,,                  0.00,                  0.00,128867.93,128867.93,                  0.00
4390,2211040000,应付职工薪酬-短期薪酬-住房公积金,CNY,,                  0.00,                  0.00,1056108.31,1056108.31,                  0.00
4390,2211050000,应付职工薪酬-短期薪酬-工会经费,CNY,,"-2,507,635.25",                  0.00,1131741.48,950098.51,"-2,325,992.28"
4390,2211060000,应付职工薪酬-短期薪酬-职工教育经费,CNY,,"-3,130,633.27",                  0.00,379587.32,712573.97,"-3,463,619.92"
4390,2211070100,短期薪酬-非货币性福利-自产品发放,CNY,,                  0.00,                  0.00,162922.65,162922.65,                  0.00
4390,2211070200,短期薪酬-非货币性福利-外购商品发放,CNY,,                  0.00,                  0.00,14329.43,14329.43,                  0.00
4390,2211080000,应付职工薪酬-辞退福利,CNY,,                  0.00,                  0.00,66631.0,66631.0,                  0.00
4390,2221010000,应交税费-应交企业所得税,CNY,,"-2,002,168.09",                  0.00,7711061.75,6444146.68,"-735,253.02"
4390,2221020000,应交税费-应交个人所得税,CNY,,"-134,584.90",                  0.00,761581.64,739449.76,"-112,453.02"
4390,2221030101,应交税费-应交增值税-进项税额（17%）,CNY,,"        396,688,980.72",                  0.00,0.0,0.0,"        396,688,980.72"
4390,2221030102,应交税费-应交增值税-进项税额（13%）,CNY,,"        560,387,121.47",                  0.00,33495217.32,1512878.81,"        592,369,459.98"
4390,2221030104,应交税费-应交增值税-进项税额（6%）,CNY,,"         60,290,224.54",                  0.00,3980689.07,0.0,"         64,270,913.61"
4390,2221030106,应交税费-应交增值税-进项税额（3%）,CNY,,"          7,761,532.23",                  0.00,196033.18,0.0,"          7,957,565.41"
4390,2221030107,应交税费-应交增值税-进项税额（11%）,CNY,,"         40,161,373.06",                  0.00,0.0,0.0,"         40,161,373.06"
4390,2221030108,应交税费-应交增值税-进项税额（5%）,CNY,,"            607,108.72",                  0.00,8813.59,0.0,"            615,922.31"
4390,2221030109,应交税费-应交增值税-进项税额（10%）,CNY,,"         29,410,753.90",                  0.00,0.0,0.0,"         29,410,753.90"
4390,2221030110,应交税费-应交增值税-进项税额（16%）,CNY,,"         85,451,268.50",                  0.00,0.0,0.0,"         85,451,268.50"
4390,2221030111,应交税费-应交增值税-进项税额（9%）,CNY,,"        313,499,283.73",                  0.00,23766239.08,0.0,"        337,265,522.81"
4390,2221030112,应交税费-应交增值税进项税-交通费9%,CNY,,"            133,512.45",                  0.00,914.51,0.0,"            134,426.96"
4390,2221030113,应交税费-应交增值税进项税-交通费3%,CNY,,"              7,324.58",                  0.00,416.02,0.0,"              7,740.60"
4390,2221030201,应交税费-应交增值税-销项税额（17%）,CNY,,"-433,994,469.93",                  0.00,0.0,0.0,"-433,994,469.93"
4390,2221030202,应交税费-应交增值税-销项税额（13%）,CNY,,"-759,338,965.68",                  0.00,6946775.95,50666366.59,"-803,058,556.32"
4390,2221030204,应交税费-应交增值税-销项税额（6%）,CNY,,"-799,852.21",                  0.00,0.0,20126.38,"-819,978.59"
4390,2221030205,应交税费-应交增值税-销项税额（3%）,CNY,,"             25,370.48",                  0.00,0.0,0.0,"             25,370.48"
4390,2221030206,应交税费-应交增值税-销项税额（11%）,CNY,,"-41,283,634.39",                  0.00,0.0,0.0,"-41,283,634.39"
4390,2221030207,应交税费-应交增值税-销项税额（5%）,CNY,,"-2,380.95",                  0.00,0.0,0.0,"-2,380.95"
4390,2221030208,应交税费-应交增值税-销项税额（16%）,CNY,,"-115,427,570.93",                  0.00,0.0,0.0,"-115,427,570.93"
4390,2221030209,应交税费-应交增值税-销项税额（10%）,CNY,,"-45,413,649.50",                  0.00,0.0,0.0,"-45,413,649.50"
4390,2221030210,应交税费-应交增值税-销项税额（9%）,CNY,,"-494,804,222.81",                  0.00,9607720.22,47131453.04,"-532,327,955.63"
4390,2221030400,应交税费-应交增值税（转出未交增值税）,CNY,,"        413,063,696.67",                  0.00,21511032.8,0.0,"        434,574,729.47"
4390,2221030500,应交税费-应交增值税（转出多交增值税）,CNY,,"-10,561,557.08",                  0.00,0.0,0.0,"-10,561,557.08"
4390,2221030600,应交税费-应交增值税（进项税额转出）,CNY,,"-7,186,927.57",                  0.00,0.0,264076.92,"-7,451,004.49"
4390,2221030700,应交税费-应交增值税（减免税款）,CNY,,"          1,325,680.00",                  0.00,81050.0,0.0,"          1,406,730.00"
4390,2221040000,应交税费-未交增值税,CNY,,"          1,197,764.12",                  0.00,15542441.62,21511032.8,"-4,770,827.06"
4390,2221060000,应交税费-应交城市维护建设税,CNY,,"             82,205.44",                  0.00,1092555.91,1511445.8,"-336,684.45"
4390,2221080000,应交税费-应交房产税,CNY,,                  0.00,                  0.00,1129551.94,940819.35,"            188,732.59"
4390,2221090000,应交税费-应交土地使用税,CNY,,                  0.00,                  0.00,354725.91,295604.9,"             59,121.01"
4390,2221110000,应交税费-教育费附加,CNY,,"             35,230.89",                  0.00,468238.26,647762.48,"-144,293.33"
4390,2221120000,应交税费-地方教育费附加,CNY,,"             23,487.26",                  0.00,312158.83,431841.65,"-96,195.56"
4390,2221140000,应交税费-水利基金,CNY,,"-5,000.00",                  0.00,4976.18,-23.82,                  0.00
4390,2221150000,应交税费-印花税,CNY,,"-244,578.24",                  0.00,446100.87,394875.23,"-193,352.60"
4390,2221250000,应交税费-应交环境保护税,CNY,,"-9,712.82",                  0.00,17280.58,28000.0,"-20,432.24"
4390,2231000000,应付利息,CNY,,"-37,400.00",                  0.00,64900.0,27500.0,                  0.00
4390,2241010000,其他应付款-员工,CNY,,"          1,878,949.02",                  0.00,19364483.11,16818543.69,"          4,424,888.44"
4390,2241030000,其他应付款-送奶员押金,CNY,,"-2,441,697.50",                  0.00,628771.36,323385.68,"-2,136,311.82"
4390,2241040000,其他应付款-内部往来,CNY,,"        606,335,053.46",                  0.00,1326199491.12,1264034602.66,"        668,499,941.92"
4390,2241060000,其他应付款-养餐配送保证金,CNY,,"-149,157.92",                  0.00,0.0,0.0,"-149,157.92"
4390,2241070000,其他应付款-其他,CNY,,"-110,320,563.18",                  0.00,29877997.67,56457974.62,"-136,900,540.13"
4390,2241080000,其他应付款-考核基金,CNY,,"-108,550.00",                  0.00,152280.0,276190.0,"-232,460.00"
4390,2241090000,其他应付款-保证金,CNY,,"          2,157,247.48",                  0.00,264673.07,825488.07,"          1,596,432.48"
4390,2241140000,其他应付款-工程设备质保金,CNY,,"-1,132,758.34",                  0.00,344908.04,125776.52,"-913,626.82"
4390,2401000000,递延收益-政府补助,CNY,,"-15,743,350.66",                  0.00,1912969.9,0.0,"-13,830,380.76"
4390,2901010000,递延所得税负债-使用权资产,CNY,,"-232,701.52",                  0.00,0.0,54321.17,"-287,022.69"
4390,4001000000,实收资本（股本）,CNY,,"-157,000,000.00",                  0.00,0.0,0.0,"-157,000,000.00"
4390,4002010000,资本公积-资本（股本）溢价,CNY,,"-98,531,700.00",                  0.00,0.0,0.0,"-98,531,700.00"
4390,4101010000,盈余公积-法定盈余公积,CNY,,"-78,883,364.53",                  0.00,0.0,0.0,"-78,883,364.53"
4390,4104080000,利润分配-未分配利润,CNY,,"-364,355,779.81",                  0.00,0.0,0.0,"-364,355,779.81"
4390,5001010000,生产成本-原辅料,CNY,,                  0.00,                  0.00,248213325.02,1934.77,"        248,211,390.25"
4390,5001020000,生产成本-包装物,CNY,,                  0.00,                  0.00,59160107.93,10688.1,"         59,149,419.83"
4390,5001030000,生产成本-成品,CNY,,                  0.00,                  0.00,2544218.22,363237750.65,"-360,693,532.43"
4390,5001040000,生产成本-半成品,CNY,,                  0.00,                  0.00,486219691.53,481695880.35,"          4,523,811.18"
4390,6001000000,主营业务收入,CNY,,                  0.00,                  0.00,159995835.9,899511306.16,"-739,515,470.26"
4390,6051010000,其他业务收入-废旧物资收入,CNY,,                  0.00,                  0.00,0.0,255547.23,"-255,547.23"
4390,6051030000,其他业务收入-销售材料收入,CNY,,                  0.00,                  0.00,43450.46,1539298.33,"-1,495,847.87"
4390,6051070000,其他业务收入-出租固定资产,CNY,,                  0.00,                  0.00,0.0,751816.52,"-751,816.52"
4390,6051140000,其他业务收入-非乳制品销售收入,CNY,,                  0.00,                  0.00,180120.98,4474349.51,"-4,294,228.53"
4390,6051990000,其他业务收入-其他,CNY,,                  0.00,                  0.00,0.0,1769243.81,"-1,769,243.81"
4390,6101000000,公允价值变动损益,CNY,,                  0.00,                  0.00,175073.0,110175.25,"             64,897.75"
4390,6301010000,营业外收入-罚没收入,CNY,,                  0.00,                  0.00,0.0,77450.0,"-77,450.00"
4390,6301990000,营业外收入-其他,CNY,,                  0.00,                  0.00,0.0,37584.44,"-37,584.44"
4390,6401000000,主营业务成本,CNY,,                  0.00,                  0.00,533228977.91,45715216.36,"        487,513,761.55"
4390,6402020000,其他业务成本-材料销售成本,CNY,,                  0.00,                  0.00,1825400.74,41983.35,"          1,783,417.39"
4390,6402090000,其他业务成本-非乳制品销售成本,CNY,,                  0.00,                  0.00,4252167.02,1767.89,"          4,250,399.13"
4390,6402990000,其他业务成本-其他,CNY,,                  0.00,                  0.00,755257.07,0.0,"            755,257.07"
4390,6405010000,税金及附加,CNY,,                  0.00,                  0.00,4250325.59,0.0,"          4,250,325.59"
4390,6501020000,价格重估差异,CNY,,                  0.00,                  0.00,57398336.89,57398336.89,                  0.00
4390,6501040100,其他收益-政府补助,CNY,,                  0.00,                  0.00,0.0,2238965.08,"-2,238,965.08"
4390,6501050000,资产处置收益-固定资产,CNY,,                  0.00,                  0.00,42499.49,-13524.65,"             56,024.14"
4390,6501050200,资产处置收益-使用权资产,CNY,,                  0.00,                  0.00,-18784.03,3940.97,"-22,725.00"
4390,6601010100,工资,CNY,,                  0.00,                  0.00,43328917.61,0.0,"         43,328,917.61"
4390,6601010200,职工福利,CNY,,                  0.00,                  0.00,1781118.96,1952.84,"          1,779,166.12"
4390,6601010300,工会经费,CNY,,                  0.00,                  0.00,950098.51,0.0,"            950,098.51"
4390,6601010400,职工教育经费,CNY,,                  0.00,                  0.00,712573.97,0.0,"            712,573.97"
4390,6601010501,基本医疗保险费,CNY,,                  0.00,                  0.00,1985407.1,0.0,"          1,985,407.10"
4390,6601010502,基本养老保险费,CNY,,                  0.00,                  0.00,4237307.2,0.0,"          4,237,307.20"
4390,6601010504,失业保险费,CNY,,                  0.00,                  0.00,158957.17,0.0,"            158,957.17"
4390,6601010505,工伤保险费,CNY,,                  0.00,                  0.00,186523.66,0.0,"            186,523.66"
4390,6601010506,生育保险费,CNY,,                  0.00,                  0.00,212032.04,0.0,"            212,032.04"
4390,6601010507,综合保险费,CNY,,                  0.00,                  0.00,128867.93,0.0,"            128,867.93"
4390,6601010600,住房公积金,CNY,,                  0.00,                  0.00,1052603.31,0.0,"          1,052,603.31"
4390,6601010700,辞退福利,CNY,,                  0.00,                  0.00,66631.0,0.0,"             66,631.00"
4390,6601020000,办公费,CNY,,                  0.00,                  0.00,91257.79,0.0,"             91,257.79"
4390,6601030000,修理费,CNY,,                  0.00,                  0.00,5575300.25,37469.29,"          5,537,830.96"
4390,6601040000,差旅费,CNY,,                  0.00,                  0.00,1796429.99,0.0,"          1,796,429.99"
4390,6601050100,邮电费-邮寄费,CNY,,                  0.00,                  0.00,52031.35,0.0,"             52,031.35"
4390,6601050200,邮电费-手机费,CNY,,                  0.00,                  0.00,96178.92,0.0,"             96,178.92"
4390,6601050300,邮电费-座机费,CNY,,                  0.00,                  0.00,15827.52,0.0,"             15,827.52"
4390,6601060000,物料及低值易耗品,CNY,,                  0.00,                  0.00,3326770.44,4312.98,"          3,322,457.46"
4390,6601070000,折旧费,CNY,,                  0.00,                  0.00,18115458.72,0.0,"         18,115,458.72"
4390,6601080110,运输费-仓储,CNY,,                  0.00,                  0.00,1145165.05,0.0,"          1,145,165.05"
4390,6601080200,运输费-外部,CNY,,                  0.00,                  0.00,50061014.29,0.0,"         50,061,014.29"
4390,6601080300,运输费-装卸费,CNY,,                  0.00,                  0.00,727726.39,0.0,"            727,726.39"
4390,6601090100,广告费-咨询设计费,CNY,,                  0.00,                  0.00,14679699.91,0.0,"         14,679,699.91"
4390,6601090600,广告费-灯箱广告及制作费,CNY,,                  0.00,                  0.00,166981.14,0.0,"            166,981.14"
4390,6601091000,广告费-分众广告及制作费,CNY,,                  0.00,                  0.00,2586168.86,0.0,"          2,586,168.86"
4390,6601091300,广告费-形象代言费,CNY,,                  0.00,                  0.00,520642.63,0.0,"            520,642.63"
4390,6601091400,广告费-网络广告及制作费,CNY,,                  0.00,                  0.00,2206417.6,0.0,"          2,206,417.60"
4390,6601091500,广告费-户外大牌及制作费,CNY,,                  0.00,                  0.00,688173.59,0.0,"            688,173.59"
4390,6601099700,广告费-语音广告,CNY,,                  0.00,                  0.00,283018.87,0.0,"            283,018.87"
4390,6601100200,宣传费-宣传品,CNY,,                  0.00,                  0.00,67953.14,0.0,"             67,953.14"
4390,6601100300,宣传费-路演,CNY,,                  0.00,                  0.00,165037.85,0.0,"            165,037.85"
4390,6601100400,宣传费-招商展销及制作费,CNY,,                  0.00,                  0.00,93396.22,0.0,"             93,396.22"
4390,6601109900,宣传费-宣传费其他,CNY,,                  0.00,                  0.00,3601344.86,0.0,"          3,601,344.86"
4390,6601120000,售后服务费,CNY,,                  0.00,                  0.00,122053.96,827.11,"            121,226.85"
4390,6601130100,市场调研费-内部,CNY,,                  0.00,                  0.00,2961.79,0.0,"              2,961.79"
4390,6601130200,市场调研费-外部,CNY,,                  0.00,                  0.00,55660.38,0.0,"             55,660.38"
4390,6601140101,促销费用-终端促销-促销物料,CNY,,                  0.00,                  0.00,2157258.65,0.02,"          2,157,258.63"
4390,6601140103,促销费用-终端促销-品尝,CNY,,                  0.00,                  0.00,977498.69,12509.1,"            964,989.59"
4390,6601140106,促销费用-终端促销-买赠,CNY,,                  0.00,                  0.00,3896784.96,91373.46,"          3,805,411.50"
4390,6601140107,促销费用-终端促销-促销人员费用,CNY,,                  0.00,                  0.00,13259.98,0.0,"             13,259.98"
4390,6601140108,促销费用-终端促销-临时促销人员费用,CNY,,                  0.00,                  0.00,600.79,0.0,                600.79
4390,6601140199,促销费用-终端促销-其他,CNY,,                  0.00,                  0.00,137785.37,0.0,"            137,785.37"
4390,6601140201,促销费用-中间促销-有奖及特殊陈列,CNY,,                  0.00,                  0.00,4613682.23,0.0,"          4,613,682.23"
4390,6601140202,促销费用-中间促销-条码、进场费,CNY,,                  0.00,                  0.00,435949.5,0.0,"            435,949.50"
4390,6601140204,促销费用-中间促销-管理费,CNY,,                  0.00,                  0.00,43599627.04,0.0,"         43,599,627.04"
4390,6601140206,促销费用-中间促销-劳务费支持,CNY,,                  0.00,                  0.00,53972.96,0.0,"             53,972.96"
4390,6601140299,促销费用-中间促销-其他,CNY,,                  0.00,                  0.00,625114.13,0.0,"            625,114.13"
4390,6601160200,汽车费用-过路过桥费,CNY,,                  0.00,                  0.00,5166.9,0.0,"              5,166.90"
4390,6601160300,汽车费用-洗车费,CNY,,                  0.00,                  0.00,3200.0,0.0,"              3,200.00"
4390,6601160400,汽车费用-停车费,CNY,,                  0.00,                  0.00,1326.53,0.0,"              1,326.53"
4390,6601160500,汽车费用-修理费,CNY,,                  0.00,                  0.00,2797.68,0.0,"              2,797.68"
4390,6601160900,汽车费用-保险费,CNY,,                  0.00,                  0.00,23087.16,0.0,"             23,087.16"
4390,6601170000,租赁费,CNY,,                  0.00,                  0.00,919063.36,0.0,"            919,063.36"
4390,6601180000,水费,CNY,,                  0.00,                  0.00,593842.67,0.0,"            593,842.67"
4390,6601190000,电费,CNY,,                  0.00,                  0.00,4570042.67,0.0,"          4,570,042.67"
4390,6601230000,劳动保护费,CNY,,                  0.00,                  0.00,28240.3,0.0,"             28,240.30"
4390,6601240000,中介机构费,CNY,,                  0.00,                  0.00,2407545.05,0.0,"          2,407,545.05"
4390,6601250000,业务招待费,CNY,,                  0.00,                  0.00,90817.2,0.0,"             90,817.20"
4390,6601260000,会员费及会务费,CNY,,                  0.00,                  0.00,192896.02,0.0,"            192,896.02"
4390,6601270000,环境保护费,CNY,,                  0.00,                  0.00,1082470.07,0.0,"          1,082,470.07"
4390,6601290000,无形资产摊销,CNY,,                  0.00,                  0.00,1670337.17,0.0,"          1,670,337.17"
4390,6601300000,存货盘盈盘亏毁损报废,CNY,,                  0.00,                  0.00,244296.81,0.0,"            244,296.81"
4390,6601330000,试验检验费,CNY,,                  0.00,                  0.00,1245426.37,9163.08,"          1,236,263.29"
4390,6601340100,技术研发费-直接材料费,CNY,,                  0.00,                  0.00,629655.89,817.25,"            628,838.64"
4390,6601340200,技术研发费-直接能耗费,CNY,,                  0.00,                  0.00,218127.16,0.0,"            218,127.16"
4390,6601340700,技术研发费-工资,CNY,,                  0.00,                  0.00,107159.87,0.0,"            107,159.87"
4390,6601340800,技术研发费-基本养老保险,CNY,,                  0.00,                  0.00,11852.0,0.0,"             11,852.00"
4390,6601340900,技术研发费-基本医疗保险,CNY,,                  0.00,                  0.00,5555.65,0.0,"              5,555.65"
4390,6601341000,技术研发费-失业保险费,CNY,,                  0.00,                  0.00,444.45,0.0,                444.45
4390,6601341100,技术研发费-工伤保险费,CNY,,                  0.00,                  0.00,518.55,0.0,                518.55
4390,6601341200,技术研发费-生育保险费,CNY,,                  0.00,                  0.00,592.6,0.0,                592.60
4390,6601341400,技术研发费-住房公积金,CNY,,                  0.00,                  0.00,3505.0,0.0,"              3,505.00"
4390,6601341500,技术研发费-试验试制费,CNY,,                  0.00,                  0.00,84416.04,0.0,"             84,416.04"
4390,6601350000,装修及转让费,CNY,,                  0.00,                  0.00,38362.67,0.0,"             38,362.67"
4390,6601360000,周转材料费,CNY,,                  0.00,                  0.00,1516275.26,0.0,"          1,516,275.26"
4390,6601380000,商标专利费,CNY,,                  0.00,                  0.00,23260.0,0.0,"             23,260.00"
4390,6601400400,项目经费-差旅费,CNY,,                  0.00,                  0.00,3465.96,0.0,"              3,465.96"
4390,6601400700,项目经费-出版/文献/信息传播/知识产权,CNY,,                  0.00,                  0.00,15207.0,0.0,"             15,207.00"
4390,6601400900,项目经费-专家咨询费,CNY,,                  0.00,                  0.00,189612.92,0.0,"            189,612.92"
4390,6601410000,动力能耗费,CNY,,                  0.00,                  0.00,4441824.43,0.0,"          4,441,824.43"
4390,6601420000,招聘费,CNY,,                  0.00,                  0.00,44695.96,0.0,"             44,695.96"
4390,6601530000,劳务费,CNY,,                  0.00,                  0.00,7102907.75,0.0,"          7,102,907.75"
4390,6601540000,服务费,CNY,,                  0.00,                  0.00,998583.52,0.0,"            998,583.52"
4390,6601550000,物业费,CNY,,                  0.00,                  0.00,55765.71,0.0,"             55,765.71"
4390,6601560100,平台推广服务费-广宣,CNY,,                  0.00,                  0.00,3238.7,0.0,"              3,238.70"
4390,6601560200,平台推广服务费-其他,CNY,,                  0.00,                  0.00,9345005.79,0.0,"          9,345,005.79"
4390,6601570100,运营服务费-基础运营,CNY,,                  0.00,                  0.00,1782446.12,0.0,"          1,782,446.12"
4390,6601570200,运营服务费-增值运营,CNY,,                  0.00,                  0.00,498594.58,0.0,"            498,594.58"
4390,6601570300,运营服务费-三方代运营,CNY,,                  0.00,                  0.00,1822219.77,0.0,"          1,822,219.77"
4390,6601570400,运营服务费-其他,CNY,,                  0.00,                  0.00,101909.99,0.0,"            101,909.99"
4390,6601990000,其他费用,CNY,,                  0.00,                  0.00,1276564.99,0.0,"          1,276,564.99"
4390,6603010200,财务费用-其他利息支出,CNY,,                  0.00,                  0.00,56139.46,0.0,"             56,139.46"
4390,6603020000,财务费用-利息收入,CNY,,                  0.00,                  0.00,0.0,8413.95,"-8,413.95"
4390,6603030000,财务费用-手续费,CNY,,                  0.00,                  0.00,209100.3,0.0,"            209,100.30"
4390,6603090000,财务费用-租赁利息,CNY,,                  0.00,                  0.00,26204.1,0.0,"             26,204.10"
4390,6603990000,财务费用-其他费用,CNY,,                  0.00,                  0.00,1357.56,0.0,"              1,357.56"
4390,6701130100,信用减值损失-其他应收款坏账损失,CNY,,                  0.00,                  0.00,207527.74,45576.43,"            161,951.31"
4390,6701130200,信用减值损失-应收账款坏账损失,CNY,,                  0.00,                  0.00,155834.25,104984.88,"             50,849.37"
4390,6711020000,营业外支出-非流动资产处置损失,CNY,,                  0.00,                  0.00,40138.51,0.0,"             40,138.51"
4390,6711990000,营业外支出-其他,CNY,,                  0.00,                  0.00,1030881.75,10000.0,"          1,020,881.75"
4390,6801010000,所得税费用-当期所得税费用,CNY,,                  0.00,                  0.00,6444146.68,0.0,"          6,444,146.68"
4390,6801020000,所得税费用-递延所得税费用,CNY,,                  0.00,                  0.00,54321.17,72585.37,"-18,264.20"
4390,6999999999,FI/CO统驭,CNY,,                  0.00,                  0.00,85047394.13,85047394.13,                  0.00
