公司,SAKNR,TXT50,货币,部门,已结转余额,DMBTR_DEBIT,在制表期间的借方余额,报表期间的贷方余额,DMBTR_CREDIT
4390,1002010201,银行存款-人民币-农业银行-基本户,CNY,"526,577.28",0.00,1242309103.99,"1,242,203,152.22","632,529.05",0.0
4390,1002010211,银行存款-人民币-农业银行-一般户2,CNY,0.00,0.00,424454247.96,"424,454,247.96",0.00,0.0
4390,1002010212,银行存款-人民币-农业银行-一般户3,CNY,"1,847,089.44",0.00,635251995.72,"636,230,697.16","868,388.00",0.0
4390,1002010510,银行存款-人民币-工商银行-一般户1,CNY,133.56,0.00,500.01,633.57,0.00,0.0
4390,1002010612,银行存款-人民币-中信实业银行-一般户3,CNY,892.23,0.00,7825035.23,"7,819,323.17","6,604.29",0.0
4390,1002010811,银行存款-人民币-兴业银行-一般户2,CNY,"10,509,204.33",0.00,1313.63,"10,510,401.00",116.96,0.0
4390,1002011011,银行存款-人民币-招商银行-一般户2,CNY,"2,359.73",0.00,30000.34,"30,037.36","2,322.71",0.0
4390,1002013012,银行存款-人民币-成都银行-一般户3,CNY,"1,948.34",0.00,0.23,400.00,"1,548.57",0.0
4390,1002013020,银行存款-人民币-成都银行-专用户1,CNY,"608,751.57",0.00,76.09,0.00,"608,827.66",0.0
4390,1002013810,银行存款-人民币-平安银行-一般户1,CNY,355.79,0.00,0.04,200.00,155.83,0.0
4390,1002013910,银行存款-人民币-国家开发银行-一般户1,CNY,"1,433.26",0.00,11064915.82,"11,064,900.00","1,449.08",0.0
4390,1002015110,银行存款-人民币-四川银行-一般户1,CNY,"9,685.61",0.00,3469533.33,"3,479,000.00",218.94,0.0
4390,1012990100,其他货币资金-在途资金-供应链金融,CNY,0.00,0.00,1600191.95,"1,600,191.95",0.00,0.0
4390,1101010000,交易性金融资产-成本,CNY,"405,988.25",0.00,0.0,0.00,"405,988.25",0.0
4390,1101020000,交易性金融资产-公允价值变动,CNY,"395,423.50",0.00,110175.25,"175,073.00","330,525.75",0.0
4390,1122010000,应收账款-应收货款,CNY,"54,711,840.46",0.00,2156863136.48,"2,095,475,126.73","116,099,850.21",0.0
4390,1122020000,应收账款-客户保证金,CNY,"-528,384.20",0.00,525558.2,"563,441.00","-566,267.00",0.0
4390,1123000000,预付账款,CNY,"-147,233.19",0.00,12749466.49,"2,558,462.74","10,043,770.56",0.0
4390,1221000000,其他应收款-其他,CNY,"-107,542.64",0.00,743807.62,60.00,"636,204.98",0.0
4390,1221010000,其他应收款-瓶箱押金,CNY,"-11,509,660.49",0.00,2485381.3,"1,191,297.00","-10,215,576.19",0.0
4390,1221020000,内部往来-资产,CNY,"12,865.38",0.00,0.0,0.00,"12,865.38",0.0
4390,1221030000,其他应收款-陈列柜押金,CNY,"-6,124,481.01",0.00,476079.22,"1,023,768.42","-6,672,170.21",0.0
4390,1221040000,其他应收款-保证金,CNY,"-4,247,143.17",0.00,2442112.71,"3,607,992.10","-5,413,022.56",0.0
4390,1231010000,坏账准备-应收账款,CNY,"-11,756,835.02",0.00,104984.88,"155,834.25","-11,807,684.39",0.0
4390,1231020000,坏账准备-其他应收账款,CNY,"-1,096,267.75",0.00,123651.43,"207,527.74","-1,180,144.06",0.0
4390,1403010000,原材料-原辅料,CNY,"7,227,867.76",0.00,249659757.24,"248,914,854.32","7,972,770.68",0.0
4390,1403020000,原材料-备品备件,CNY,"2,766,770.19",0.00,10286566.39,"10,214,708.67","2,838,627.91",0.0
4390,1403999998,原材料差异-物料账,CNY,"13,598,261.92",0.00,2752510.15,"972,058.00","15,378,714.07",0.0
4390,1403999999,原材料差异,CNY,"-13,598,261.92",0.00,25409649.16,"27,190,101.31","-15,378,714.07",0.0
4390,1405010000,库存商品-产成品,CNY,"7,333,604.27",0.00,420273626.8,"421,211,747.08","6,395,483.99",0.0
4390,1405020000,库存商品-外购商品,CNY,"5,456,003.49",0.00,125940322.7,"127,220,871.60","4,175,454.59",0.0
4390,1405999998,产成品差异-物料账,CNY,"535,992,256.31",0.00,9713351.19,"16,778,388.08","528,927,219.42",0.0
4390,1405999999,产成品差异,CNY,"-535,992,256.31",0.00,16586340.93,"9,521,304.04","-528,927,219.42",0.0
4390,1407000000,自制半成品,CNY,"1,888,034.25",0.00,448365412.29,"448,054,250.57","2,199,195.97",0.0
4390,1407999998,半成品差异-物料账,CNY,"266,955,503.94",0.00,41170067.1,"35,865,622.40","272,259,948.64",0.0
4390,1407999999,半成品差异,CNY,"-266,955,503.94",0.00,34398955.51,"39,703,400.21","-272,259,948.64",0.0
4390,1408000000,委托加工物资-结转,CNY,"-5,601,393.98",0.00,111772.65,"303,484.32","-5,793,105.65",0.0
4390,1408010000,委托加工物资-材料,CNY,"5,601,393.98",0.00,179225.33,0.00,"5,780,619.31",0.0
4390,1408020000,委托加工物资-加工费,CNY,0.00,0.00,124258.99,"111,772.65","12,486.34",0.0
4390,1410000000,包装物,CNY,"8,259,635.09",0.00,62989260.26,"60,758,520.64","10,490,374.71",0.0
4390,1411020000,周转材料,CNY,"992,201.39",0.00,1583479.47,"1,516,275.26","1,059,405.60",0.0
4390,1533010000,使用权资产,CNY,"4,629,119.33",0.00,922250.88,0.00,"5,551,370.21",0.0
4390,1533020000,累计折旧-使用权资产,CNY,"-3,077,775.87",0.00,0.0,"374,738.18","-3,452,514.05",0.0
4390,1601010000,固定资产-生产用房屋及建筑物,CNY,"158,221,655.41",0.00,0.0,0.00,"158,221,655.41",0.0
4390,1601020000,固定资产-非生产用房屋建筑物,CNY,"62,062,964.17",0.00,0.0,0.00,"62,062,964.17",0.0
4390,1601040000,固定资产-其他房屋建筑物,CNY,"23,499,979.25",0.00,0.0,0.00,"23,499,979.25",0.0
4390,1601050000,固定资产-机器设备,CNY,"438,784,158.61",0.00,412256.64,0.00,"439,196,415.25",0.0
4390,1601060000,固定资产-运输设备,CNY,"1,672,607.66",0.00,999439.37,"682,049.74","1,989,997.29",0.0
4390,1601070000,固定资产-器具及办公家俱,CNY,"1,949,213.62",0.00,0.0,0.00,"1,949,213.62",0.0
4390,1601080000,固定资产-电子设备,CNY,"35,557,893.96",0.00,3018549.08,"862,140.17","37,714,302.87",0.0
4390,1601090000,固定资产-品控检验设备,CNY,"7,036,930.11",0.00,0.0,0.00,"7,036,930.11",0.0
4390,1601100000,固定资产-其他设备,CNY,"3,762,580.63",0.00,175704.22,0.00,"3,938,284.85",0.0
4390,1601110000,固定资产-辅助专用设备,CNY,"7,331,230.03",0.00,548938.05,0.00,"7,880,168.08",0.0
4390,1602010000,累计折旧-房屋及建筑物,CNY,"-40,556,581.51",0.00,0.0,"1,791,055.28","-42,347,636.79",0.0
4390,1602020000,累计折旧-非生产用房屋建筑物,CNY,"-13,896,380.65",0.00,0.0,"387,712.23","-14,284,092.88",0.0
4390,1602040000,累计折旧-其他房屋建筑物,CNY,"-10,109,854.19",0.00,0.0,"457,867.39","-10,567,721.58",0.0
4390,1602050000,累计折旧-机器设备,CNY,"-309,159,805.39",0.00,0.0,"13,641,363.90","-322,801,169.29",0.0
4390,1602060000,累计折旧-运输设备,CNY,"-1,054,138.46",0.00,647947.25,"106,070.38","-512,261.59",0.0
4390,1602070000,累计折旧-器具及办公家俱,CNY,"-1,798,923.08",0.00,0.0,"13,977.77","-1,812,900.85",0.0
4390,1602080000,累计折旧-电子设备,CNY,"-28,766,781.08",0.00,764406.07,"1,517,558.80","-29,519,933.81",0.0
4390,1602090000,累计折旧-品控检验设备,CNY,"-5,820,388.37",0.00,0.0,"102,420.51","-5,922,808.88",0.0
4390,1602100000,累计折旧-其他设备,CNY,"-2,549,871.05",0.00,0.0,"162,269.03","-2,712,140.08",0.0
4390,1602110000,累计折旧-辅助专用设备,CNY,"-2,147,900.17",0.00,0.0,"246,094.82","-2,393,994.99",0.0
4390,1603020000,固定资产-减值准备-非生产用房屋建筑物,CNY,"-18,063,464.84",0.00,0.0,0.00,"-18,063,464.84",0.0
4390,1603050000,固定资产-减值准备-机器设备,CNY,"-5,637,734.28",0.00,0.0,0.00,"-5,637,734.28",0.0
4390,1604000000,在建工程,CNY,"121,162.04",0.00,1079770.5,0.00,"1,200,932.54",0.0
4390,1606000000,固定资产清理,CNY,0.00,0.00,168837.4,"168,837.40",0.00,0.0
4390,1701010000,无形资产-专利权,CNY,"9,609,120.22",0.00,0.0,0.00,"9,609,120.22",0.0
4390,1701050000,无形资产-土地使用权,CNY,"40,725,940.36",0.00,0.0,0.00,"40,725,940.36",0.0
4390,1701070000,无形资产-软件,CNY,"35,277,612.55",0.00,24952.83,0.00,"35,302,565.38",0.0
4390,1702010000,累计摊销-专利权,CNY,"-9,609,120.22",0.00,0.0,0.00,"-9,609,120.22",0.0
4390,1702050000,累计摊销-土地使用权,CNY,"-9,774,559.60",0.00,0.0,"457,121.31","-10,231,680.91",0.0
4390,1702070000,累计摊销-软件,CNY,"-14,545,121.26",0.00,0.0,"1,213,215.86","-15,758,337.12",0.0
4390,1703070000,无形资产-减值准备-软件,CNY,"-2,230,284.41",0.00,0.0,0.00,"-2,230,284.41",0.0
4390,1801010000,长期待摊费用-装修及转让费,CNY,"93,632.93",0.00,171012.38,"38,362.67","226,282.64",0.0
4390,1811010000,递延所得税资产-坏账准备-应收账款,CNY,"1,763,525.25",0.00,7627.41,0.00,"1,771,152.66",0.0
4390,1811020000,递延所得税资产-坏账准备-其他应收款,CNY,"164,440.16",0.00,12581.45,0.00,"177,021.61",0.0
4390,1811030000,递延所得税资产-固定资产减值准备,CNY,"3,555,179.87",0.00,0.0,0.00,"3,555,179.87",0.0
4390,1811040000,递延所得税资产-无形资产减值准备,CNY,"334,542.66",0.00,0.0,0.00,"334,542.66",0.0
4390,1811070000,递延所得税资产-租赁负债,CNY,"197,936.48",0.00,52376.51,0.00,"250,312.99",0.0
4390,1901010000,待处理财产损溢-待处理流动资产损溢,CNY,0.00,0.00,987996.62,"987,996.62",0.00,0.0
4390,2201030000,应付票据-国内信用证,CNY,"-31,530,877.80",0.00,0.0,"2,227,788.09","-33,758,665.89",0.0
4390,2202010000,应付账款-应付货款,CNY,"-140,698,295.76",0.00,616272014.12,"661,082,607.37","-185,508,889.01",0.0
4390,2202030100,应付账款-暂估GR/IR,CNY,"-13,343,606.80",0.00,624982143.03,"632,241,653.32","-20,603,117.09",0.0
4390,2202040000,内部往来-负债,CNY,"-12,865.38",0.00,0.0,0.00,"-12,865.38",0.0
4390,2203010000,预收账款-预收货款,CNY,"-1,210.37",0.00,680.64,"1,131.04","-1,660.77",0.0
4390,2204020000,租赁负债-租赁付款额,CNY,"-1,388,175.17",0.00,1276615.1,"1,763,409.47","-1,874,969.54",0.0
4390,2204030000,租赁负债-未确认融资费用,CNY,"68,598.63",0.00,56878.26,"26,204.10","99,272.79",0.0
4390,2211010000,应付职工薪酬-短期薪酬-工资,CNY,"-12,826,027.56",0.00,47119453.69,"43,436,077.48","-9,142,651.35",0.0
4390,2211020000,应付职工薪酬-短期薪酬-职工福利费,CNY,0.00,0.00,1601914.04,"1,601,914.04",0.00,0.0
4390,2211030100,短期薪酬-社会保险费-基本医疗保险费,CNY,0.00,0.00,1990962.75,"1,990,962.75",0.00,0.0
4390,2211030200,短期薪酬-社会保险费-基本养老保险费,CNY,0.00,0.00,4249159.2,"4,249,159.20",0.00,0.0
4390,2211030400,短期薪酬-社会保险费-失业保险费,CNY,0.00,0.00,159401.62,"159,401.62",0.00,0.0
4390,2211030500,短期薪酬-社会保险费-工伤保险费,CNY,0.00,0.00,187042.21,"187,042.21",0.00,0.0
4390,2211030600,短期薪酬-社会保险费-生育保险费,CNY,0.00,0.00,212624.64,"212,624.64",0.00,0.0
4390,2211039900,短期薪酬-社会保险费-综合保险费,CNY,0.00,0.00,128867.93,"128,867.93",0.00,0.0
4390,2211040000,应付职工薪酬-短期薪酬-住房公积金,CNY,0.00,0.00,1056108.31,"1,056,108.31",0.00,0.0
4390,2211050000,应付职工薪酬-短期薪酬-工会经费,CNY,"-2,507,635.25",0.00,1131741.48,"950,098.51","-2,325,992.28",0.0
4390,2211060000,应付职工薪酬-短期薪酬-职工教育经费,CNY,"-3,130,633.27",0.00,379587.32,"712,573.97","-3,463,619.92",0.0
4390,2211070100,短期薪酬-非货币性福利-自产品发放,CNY,0.00,0.00,162922.65,"162,922.65",0.00,0.0
4390,2211070200,短期薪酬-非货币性福利-外购商品发放,CNY,0.00,0.00,14329.43,"14,329.43",0.00,0.0
4390,2211080000,应付职工薪酬-辞退福利,CNY,0.00,0.00,66631.0,"66,631.00",0.00,0.0
4390,2221010000,应交税费-应交企业所得税,CNY,"-2,002,168.09",0.00,7711061.75,"6,444,146.68","-735,253.02",0.0
4390,2221020000,应交税费-应交个人所得税,CNY,"-134,584.90",0.00,761581.64,"739,449.76","-112,453.02",0.0
4390,2221030101,应交税费-应交增值税-进项税额（17%）,CNY,"396,688,980.72",0.00,0.0,0.00,"396,688,980.72",0.0
4390,2221030102,应交税费-应交增值税-进项税额（13%）,CNY,"560,387,121.47",0.00,33495217.32,"1,512,878.81","592,369,459.98",0.0
4390,2221030104,应交税费-应交增值税-进项税额（6%）,CNY,"60,290,224.54",0.00,3980689.07,0.00,"64,270,913.61",0.0
4390,2221030106,应交税费-应交增值税-进项税额（3%）,CNY,"7,761,532.23",0.00,196033.18,0.00,"7,957,565.41",0.0
4390,2221030107,应交税费-应交增值税-进项税额（11%）,CNY,"40,161,373.06",0.00,0.0,0.00,"40,161,373.06",0.0
4390,2221030108,应交税费-应交增值税-进项税额（5%）,CNY,"607,108.72",0.00,8813.59,0.00,"615,922.31",0.0
4390,2221030109,应交税费-应交增值税-进项税额（10%）,CNY,"29,410,753.90",0.00,0.0,0.00,"29,410,753.90",0.0
4390,2221030110,应交税费-应交增值税-进项税额（16%）,CNY,"85,451,268.50",0.00,0.0,0.00,"85,451,268.50",0.0
4390,2221030111,应交税费-应交增值税-进项税额（9%）,CNY,"313,499,283.73",0.00,23766239.08,0.00,"337,265,522.81",0.0
4390,2221030112,应交税费-应交增值税进项税-交通费9%,CNY,"133,512.45",0.00,914.51,0.00,"134,426.96",0.0
4390,2221030113,应交税费-应交增值税进项税-交通费3%,CNY,"7,324.58",0.00,416.02,0.00,"7,740.60",0.0
4390,2221030201,应交税费-应交增值税-销项税额（17%）,CNY,"-433,994,469.93",0.00,0.0,0.00,"-433,994,469.93",0.0
4390,2221030202,应交税费-应交增值税-销项税额（13%）,CNY,"-759,338,965.68",0.00,6946775.95,"50,666,366.59","-803,058,556.32",0.0
4390,2221030204,应交税费-应交增值税-销项税额（6%）,CNY,"-799,852.21",0.00,0.0,"20,126.38","-819,978.59",0.0
4390,2221030205,应交税费-应交增值税-销项税额（3%）,CNY,"25,370.48",0.00,0.0,0.00,"25,370.48",0.0
4390,2221030206,应交税费-应交增值税-销项税额（11%）,CNY,"-41,283,634.39",0.00,0.0,0.00,"-41,283,634.39",0.0
4390,2221030207,应交税费-应交增值税-销项税额（5%）,CNY,"-2,380.95",0.00,0.0,0.00,"-2,380.95",0.0
4390,2221030208,应交税费-应交增值税-销项税额（16%）,CNY,"-115,427,570.93",0.00,0.0,0.00,"-115,427,570.93",0.0
4390,2221030209,应交税费-应交增值税-销项税额（10%）,CNY,"-45,413,649.50",0.00,0.0,0.00,"-45,413,649.50",0.0
4390,2221030210,应交税费-应交增值税-销项税额（9%）,CNY,"-494,804,222.81",0.00,9607720.22,"47,131,453.04","-532,327,955.63",0.0
4390,2221030400,应交税费-应交增值税（转出未交增值税）,CNY,"413,063,696.67",0.00,21511032.8,0.00,"434,574,729.47",0.0
4390,2221030500,应交税费-应交增值税（转出多交增值税）,CNY,"-10,561,557.08",0.00,0.0,0.00,"-10,561,557.08",0.0
4390,2221030600,应交税费-应交增值税（进项税额转出）,CNY,"-7,186,927.57",0.00,0.0,"264,076.92","-7,451,004.49",0.0
4390,2221030700,应交税费-应交增值税（减免税款）,CNY,"1,325,680.00",0.00,81050.0,0.00,"1,406,730.00",0.0
4390,2221040000,应交税费-未交增值税,CNY,"1,197,764.12",0.00,15542441.62,"21,511,032.80","-4,770,827.06",0.0
4390,2221060000,应交税费-应交城市维护建设税,CNY,"82,205.44",0.00,1092555.91,"1,511,445.80","-336,684.45",0.0
4390,2221080000,应交税费-应交房产税,CNY,0.00,0.00,1129551.94,"940,819.35","188,732.59",0.0
4390,2221090000,应交税费-应交土地使用税,CNY,0.00,0.00,354725.91,"295,604.90","59,121.01",0.0
4390,2221110000,应交税费-教育费附加,CNY,"35,230.89",0.00,468238.26,"647,762.48","-144,293.33",0.0
4390,2221120000,应交税费-地方教育费附加,CNY,"23,487.26",0.00,312158.83,"431,841.65","-96,195.56",0.0
4390,2221140000,应交税费-水利基金,CNY,"-5,000.00",0.00,4976.18,-23.82,0.00,0.0
4390,2221150000,应交税费-印花税,CNY,"-244,578.24",0.00,446100.87,"394,875.23","-193,352.60",0.0
4390,2221250000,应交税费-应交环境保护税,CNY,"-9,712.82",0.00,17280.58,"28,000.00","-20,432.24",0.0
4390,2231000000,应付利息,CNY,"-37,400.00",0.00,64900.0,"27,500.00",0.00,0.0
4390,2241010000,其他应付款-员工,CNY,"1,878,949.02",0.00,19364483.11,"16,818,543.69","4,424,888.44",0.0
4390,2241030000,其他应付款-送奶员押金,CNY,"-2,441,697.50",0.00,628771.36,"323,385.68","-2,136,311.82",0.0
4390,2241040000,其他应付款-内部往来,CNY,"606,335,053.46",0.00,1326199491.12,"1,264,034,602.66","668,499,941.92",0.0
4390,2241060000,其他应付款-养餐配送保证金,CNY,"-149,157.92",0.00,0.0,0.00,"-149,157.92",0.0
4390,2241070000,其他应付款-其他,CNY,"-110,320,563.18",0.00,29877997.67,"56,457,974.62","-136,900,540.13",0.0
4390,2241080000,其他应付款-考核基金,CNY,"-108,550.00",0.00,152280.0,"276,190.00","-232,460.00",0.0
4390,2241090000,其他应付款-保证金,CNY,"2,157,247.48",0.00,264673.07,"825,488.07","1,596,432.48",0.0
4390,2241140000,其他应付款-工程设备质保金,CNY,"-1,132,758.34",0.00,344908.04,"125,776.52","-913,626.82",0.0
4390,2401000000,递延收益-政府补助,CNY,"-15,743,350.66",0.00,1912969.9,0.00,"-13,830,380.76",0.0
4390,2901010000,递延所得税负债-使用权资产,CNY,"-232,701.52",0.00,0.0,"54,321.17","-287,022.69",0.0
4390,4001000000,实收资本（股本）,CNY,"-157,000,000.00",0.00,0.0,0.00,"-157,000,000.00",0.0
4390,4002010000,资本公积-资本（股本）溢价,CNY,"-98,531,700.00",0.00,0.0,0.00,"-98,531,700.00",0.0
4390,4101010000,盈余公积-法定盈余公积,CNY,"-78,883,364.53",0.00,0.0,0.00,"-78,883,364.53",0.0
4390,4104080000,利润分配-未分配利润,CNY,"-364,355,779.81",0.00,0.0,0.00,"-364,355,779.81",0.0
4390,5001010000,生产成本-原辅料,CNY,0.00,0.00,248213325.02,"1,934.77","248,211,390.25",0.0
4390,5001020000,生产成本-包装物,CNY,0.00,0.00,59160107.93,"10,688.10","59,149,419.83",0.0
4390,5001030000,生产成本-成品,CNY,0.00,0.00,2544218.22,"363,237,750.65","-360,693,532.43",0.0
4390,5001040000,生产成本-半成品,CNY,0.00,0.00,486219691.53,"481,695,880.35","4,523,811.18",0.0
4390,6001000000,主营业务收入,CNY,0.00,0.00,159995835.9,"899,511,306.16","-739,515,470.26",0.0
4390,6051010000,其他业务收入-废旧物资收入,CNY,0.00,0.00,0.0,"255,547.23","-255,547.23",0.0
4390,6051030000,其他业务收入-销售材料收入,CNY,0.00,0.00,43450.46,"1,539,298.33","-1,495,847.87",0.0
4390,6051070000,其他业务收入-出租固定资产,CNY,0.00,0.00,0.0,"751,816.52","-751,816.52",0.0
4390,6051140000,其他业务收入-非乳制品销售收入,CNY,0.00,0.00,180120.98,"4,474,349.51","-4,294,228.53",0.0
4390,6051990000,其他业务收入-其他,CNY,0.00,0.00,0.0,"1,769,243.81","-1,769,243.81",0.0
4390,6101000000,公允价值变动损益,CNY,0.00,0.00,175073.0,"110,175.25","64,897.75",0.0
4390,6301010000,营业外收入-罚没收入,CNY,0.00,0.00,0.0,"77,450.00","-77,450.00",0.0
4390,6301990000,营业外收入-其他,CNY,0.00,0.00,0.0,"37,584.44","-37,584.44",0.0
4390,6401000000,主营业务成本,CNY,0.00,0.00,533228977.91,"45,715,216.36","487,513,761.55",0.0
4390,6402020000,其他业务成本-材料销售成本,CNY,0.00,0.00,1825400.74,"41,983.35","1,783,417.39",0.0
4390,6402090000,其他业务成本-非乳制品销售成本,CNY,0.00,0.00,4252167.02,"1,767.89","4,250,399.13",0.0
4390,6402990000,其他业务成本-其他,CNY,0.00,0.00,755257.07,0.00,"755,257.07",0.0
4390,6405010000,税金及附加,CNY,0.00,0.00,4250325.59,0.00,"4,250,325.59",0.0
4390,6501020000,价格重估差异,CNY,0.00,0.00,57398336.89,"57,398,336.89",0.00,0.0
4390,6501040100,其他收益-政府补助,CNY,0.00,0.00,0.0,"2,238,965.08","-2,238,965.08",0.0
4390,6501050000,资产处置收益-固定资产,CNY,0.00,0.00,42499.49,"-13,524.65","56,024.14",0.0
4390,6501050200,资产处置收益-使用权资产,CNY,0.00,0.00,-18784.03,"3,940.97","-22,725.00",0.0
4390,6601010100,工资,CNY,0.00,0.00,43328917.61,0.00,"43,328,917.61",0.0
4390,6601010200,职工福利,CNY,0.00,0.00,1781118.96,"1,952.84","1,779,166.12",0.0
4390,6601010300,工会经费,CNY,0.00,0.00,950098.51,0.00,"950,098.51",0.0
4390,6601010400,职工教育经费,CNY,0.00,0.00,712573.97,0.00,"712,573.97",0.0
4390,6601010501,基本医疗保险费,CNY,0.00,0.00,1985407.1,0.00,"1,985,407.10",0.0
4390,6601010502,基本养老保险费,CNY,0.00,0.00,4237307.2,0.00,"4,237,307.20",0.0
4390,6601010504,失业保险费,CNY,0.00,0.00,158957.17,0.00,"158,957.17",0.0
4390,6601010505,工伤保险费,CNY,0.00,0.00,186523.66,0.00,"186,523.66",0.0
4390,6601010506,生育保险费,CNY,0.00,0.00,212032.04,0.00,"212,032.04",0.0
4390,6601010507,综合保险费,CNY,0.00,0.00,128867.93,0.00,"128,867.93",0.0
4390,6601010600,住房公积金,CNY,0.00,0.00,1052603.31,0.00,"1,052,603.31",0.0
4390,6601010700,辞退福利,CNY,0.00,0.00,66631.0,0.00,"66,631.00",0.0
4390,6601020000,办公费,CNY,0.00,0.00,91257.79,0.00,"91,257.79",0.0
4390,6601030000,修理费,CNY,0.00,0.00,5575300.25,"37,469.29","5,537,830.96",0.0
4390,6601040000,差旅费,CNY,0.00,0.00,1796429.99,0.00,"1,796,429.99",0.0
4390,6601050100,邮电费-邮寄费,CNY,0.00,0.00,52031.35,0.00,"52,031.35",0.0
4390,6601050200,邮电费-手机费,CNY,0.00,0.00,96178.92,0.00,"96,178.92",0.0
4390,6601050300,邮电费-座机费,CNY,0.00,0.00,15827.52,0.00,"15,827.52",0.0
4390,6601060000,物料及低值易耗品,CNY,0.00,0.00,3326770.44,"4,312.98","3,322,457.46",0.0
4390,6601070000,折旧费,CNY,0.00,0.00,18115458.72,0.00,"18,115,458.72",0.0
4390,6601080110,运输费-仓储,CNY,0.00,0.00,1145165.05,0.00,"1,145,165.05",0.0
4390,6601080200,运输费-外部,CNY,0.00,0.00,50061014.29,0.00,"50,061,014.29",0.0
4390,6601080300,运输费-装卸费,CNY,0.00,0.00,727726.39,0.00,"727,726.39",0.0
4390,6601090100,广告费-咨询设计费,CNY,0.00,0.00,14679699.91,0.00,"14,679,699.91",0.0
4390,6601090600,广告费-灯箱广告及制作费,CNY,0.00,0.00,166981.14,0.00,"166,981.14",0.0
4390,6601091000,广告费-分众广告及制作费,CNY,0.00,0.00,2586168.86,0.00,"2,586,168.86",0.0
4390,6601091300,广告费-形象代言费,CNY,0.00,0.00,520642.63,0.00,"520,642.63",0.0
4390,6601091400,广告费-网络广告及制作费,CNY,0.00,0.00,2206417.6,0.00,"2,206,417.60",0.0
4390,6601091500,广告费-户外大牌及制作费,CNY,0.00,0.00,688173.59,0.00,"688,173.59",0.0
4390,6601099700,广告费-语音广告,CNY,0.00,0.00,283018.87,0.00,"283,018.87",0.0
4390,6601100200,宣传费-宣传品,CNY,0.00,0.00,67953.14,0.00,"67,953.14",0.0
4390,6601100300,宣传费-路演,CNY,0.00,0.00,165037.85,0.00,"165,037.85",0.0
4390,6601100400,宣传费-招商展销及制作费,CNY,0.00,0.00,93396.22,0.00,"93,396.22",0.0
4390,6601109900,宣传费-宣传费其他,CNY,0.00,0.00,3601344.86,0.00,"3,601,344.86",0.0
4390,6601120000,售后服务费,CNY,0.00,0.00,122053.96,827.11,"121,226.85",0.0
4390,6601130100,市场调研费-内部,CNY,0.00,0.00,2961.79,0.00,"2,961.79",0.0
4390,6601130200,市场调研费-外部,CNY,0.00,0.00,55660.38,0.00,"55,660.38",0.0
4390,6601140101,促销费用-终端促销-促销物料,CNY,0.00,0.00,2157258.65,0.02,"2,157,258.63",0.0
4390,6601140103,促销费用-终端促销-品尝,CNY,0.00,0.00,977498.69,"12,509.10","964,989.59",0.0
4390,6601140106,促销费用-终端促销-买赠,CNY,0.00,0.00,3896784.96,"91,373.46","3,805,411.50",0.0
4390,6601140107,促销费用-终端促销-促销人员费用,CNY,0.00,0.00,13259.98,0.00,"13,259.98",0.0
4390,6601140108,促销费用-终端促销-临时促销人员费用,CNY,0.00,0.00,600.79,0.00,600.79,0.0
4390,6601140199,促销费用-终端促销-其他,CNY,0.00,0.00,137785.37,0.00,"137,785.37",0.0
4390,6601140201,促销费用-中间促销-有奖及特殊陈列,CNY,0.00,0.00,4613682.23,0.00,"4,613,682.23",0.0
4390,6601140202,促销费用-中间促销-条码、进场费,CNY,0.00,0.00,435949.5,0.00,"435,949.50",0.0
4390,6601140204,促销费用-中间促销-管理费,CNY,0.00,0.00,43599627.04,0.00,"43,599,627.04",0.0
4390,6601140206,促销费用-中间促销-劳务费支持,CNY,0.00,0.00,53972.96,0.00,"53,972.96",0.0
4390,6601140299,促销费用-中间促销-其他,CNY,0.00,0.00,625114.13,0.00,"625,114.13",0.0
4390,6601160200,汽车费用-过路过桥费,CNY,0.00,0.00,5166.9,0.00,"5,166.90",0.0
4390,6601160300,汽车费用-洗车费,CNY,0.00,0.00,3200.0,0.00,"3,200.00",0.0
4390,6601160400,汽车费用-停车费,CNY,0.00,0.00,1326.53,0.00,"1,326.53",0.0
4390,6601160500,汽车费用-修理费,CNY,0.00,0.00,2797.68,0.00,"2,797.68",0.0
4390,6601160900,汽车费用-保险费,CNY,0.00,0.00,23087.16,0.00,"23,087.16",0.0
4390,6601170000,租赁费,CNY,0.00,0.00,919063.36,0.00,"919,063.36",0.0
4390,6601180000,水费,CNY,0.00,0.00,593842.67,0.00,"593,842.67",0.0
4390,6601190000,电费,CNY,0.00,0.00,4570042.67,0.00,"4,570,042.67",0.0
4390,6601230000,劳动保护费,CNY,0.00,0.00,28240.3,0.00,"28,240.30",0.0
4390,6601240000,中介机构费,CNY,0.00,0.00,2407545.05,0.00,"2,407,545.05",0.0
4390,6601250000,业务招待费,CNY,0.00,0.00,90817.2,0.00,"90,817.20",0.0
4390,6601260000,会员费及会务费,CNY,0.00,0.00,192896.02,0.00,"192,896.02",0.0
4390,6601270000,环境保护费,CNY,0.00,0.00,1082470.07,0.00,"1,082,470.07",0.0
4390,6601290000,无形资产摊销,CNY,0.00,0.00,1670337.17,0.00,"1,670,337.17",0.0
4390,6601300000,存货盘盈盘亏毁损报废,CNY,0.00,0.00,244296.81,0.00,"244,296.81",0.0
4390,6601330000,试验检验费,CNY,0.00,0.00,1245426.37,"9,163.08","1,236,263.29",0.0
4390,6601340100,技术研发费-直接材料费,CNY,0.00,0.00,629655.89,817.25,"628,838.64",0.0
4390,6601340200,技术研发费-直接能耗费,CNY,0.00,0.00,218127.16,0.00,"218,127.16",0.0
4390,6601340700,技术研发费-工资,CNY,0.00,0.00,107159.87,0.00,"107,159.87",0.0
4390,6601340800,技术研发费-基本养老保险,CNY,0.00,0.00,11852.0,0.00,"11,852.00",0.0
4390,6601340900,技术研发费-基本医疗保险,CNY,0.00,0.00,5555.65,0.00,"5,555.65",0.0
4390,6601341000,技术研发费-失业保险费,CNY,0.00,0.00,444.45,0.00,444.45,0.0
4390,6601341100,技术研发费-工伤保险费,CNY,0.00,0.00,518.55,0.00,518.55,0.0
4390,6601341200,技术研发费-生育保险费,CNY,0.00,0.00,592.6,0.00,592.60,0.0
4390,6601341400,技术研发费-住房公积金,CNY,0.00,0.00,3505.0,0.00,"3,505.00",0.0
4390,6601341500,技术研发费-试验试制费,CNY,0.00,0.00,84416.04,0.00,"84,416.04",0.0
4390,6601350000,装修及转让费,CNY,0.00,0.00,38362.67,0.00,"38,362.67",0.0
4390,6601360000,周转材料费,CNY,0.00,0.00,1516275.26,0.00,"1,516,275.26",0.0
4390,6601380000,商标专利费,CNY,0.00,0.00,23260.0,0.00,"23,260.00",0.0
4390,6601400400,项目经费-差旅费,CNY,0.00,0.00,3465.96,0.00,"3,465.96",0.0
4390,6601400700,项目经费-出版/文献/信息传播/知识产权,CNY,0.00,0.00,15207.0,0.00,"15,207.00",0.0
4390,6601400900,项目经费-专家咨询费,CNY,0.00,0.00,189612.92,0.00,"189,612.92",0.0
4390,6601410000,动力能耗费,CNY,0.00,0.00,4441824.43,0.00,"4,441,824.43",0.0
4390,6601420000,招聘费,CNY,0.00,0.00,44695.96,0.00,"44,695.96",0.0
4390,6601530000,劳务费,CNY,0.00,0.00,7102907.75,0.00,"7,102,907.75",0.0
4390,6601540000,服务费,CNY,0.00,0.00,998583.52,0.00,"998,583.52",0.0
4390,6601550000,物业费,CNY,0.00,0.00,55765.71,0.00,"55,765.71",0.0
4390,6601560100,平台推广服务费-广宣,CNY,0.00,0.00,3238.7,0.00,"3,238.70",0.0
4390,6601560200,平台推广服务费-其他,CNY,0.00,0.00,9345005.79,0.00,"9,345,005.79",0.0
4390,6601570100,运营服务费-基础运营,CNY,0.00,0.00,1782446.12,0.00,"1,782,446.12",0.0
4390,6601570200,运营服务费-增值运营,CNY,0.00,0.00,498594.58,0.00,"498,594.58",0.0
4390,6601570300,运营服务费-三方代运营,CNY,0.00,0.00,1822219.77,0.00,"1,822,219.77",0.0
4390,6601570400,运营服务费-其他,CNY,0.00,0.00,101909.99,0.00,"101,909.99",0.0
4390,6601990000,其他费用,CNY,0.00,0.00,1276564.99,0.00,"1,276,564.99",0.0
4390,6603010200,财务费用-其他利息支出,CNY,0.00,0.00,56139.46,0.00,"56,139.46",0.0
4390,6603020000,财务费用-利息收入,CNY,0.00,0.00,0.0,"8,413.95","-8,413.95",0.0
4390,6603030000,财务费用-手续费,CNY,0.00,0.00,209100.3,0.00,"209,100.30",0.0
4390,6603090000,财务费用-租赁利息,CNY,0.00,0.00,26204.1,0.00,"26,204.10",0.0
4390,6603990000,财务费用-其他费用,CNY,0.00,0.00,1357.56,0.00,"1,357.56",0.0
4390,6701130100,信用减值损失-其他应收款坏账损失,CNY,0.00,0.00,207527.74,"45,576.43","161,951.31",0.0
4390,6701130200,信用减值损失-应收账款坏账损失,CNY,0.00,0.00,155834.25,"104,984.88","50,849.37",0.0
4390,6711020000,营业外支出-非流动资产处置损失,CNY,0.00,0.00,40138.51,0.00,"40,138.51",0.0
4390,6711990000,营业外支出-其他,CNY,0.00,0.00,1030881.75,"10,000.00","1,020,881.75",0.0
4390,6801010000,所得税费用-当期所得税费用,CNY,0.00,0.00,6444146.68,0.00,"6,444,146.68",0.0
4390,6801020000,所得税费用-递延所得税费用,CNY,0.00,0.00,54321.17,"72,585.37","-18,264.20",0.0
4390,6999999999,FI/CO统驭,CNY,0.00,0.00,85047394.13,"85,047,394.13",0.00,0.0
*,4390,CNY,0.00,0.00,"10,681,962,215.59",10681962215.59,0.00,,0.0
四川新华西乳业有限公司,总账科目余额,时间 18:11:39,日期,2026.06.01,,0.0,,,0.0
成都市,分类帐 0L,RFSSLD00/WES059,页,2,,0.0,,,0.0
前一期间 00-00 2026 报表期间 01-05 2026,None,,,,,0.0,,,0.0
T O T A L S,F R O M,A L L,C O M P A N Y,C O D E S,,0.0,,,0.0
公司,货币,部门,已结转余额,前一期间的余额,在制表期间的借方余额,0.0,累计余额,,0.0
4390,CNY,0.00,0.00,"10,681,962,215.59","10,681,962,215.59",0.0,,,0.0
*,CNY,0.00,0.00,"10,681,962,215.59","10,681,962,215.59",0.0,,,0.0
