MANDT,SPRAS,KTOPL,SAKNR,TXT20,TXT50,MCOD1
800,1,4000,1001010000,库存现金-人民币,库存现金-人民币,库存现金-人民币
800,1,4000,1001020000,库存现金-美元,库存现金-美元,库存现金-美元
800,1,4000,1001030000,库存现金-欧元,库存现金-欧元,库存现金-欧元
800,1,4000,1001040000,库存现金-港币,库存现金-港币,库存现金-港币
800,1,4000,1002010101,银行存款-人民币-中国银行-基本户,银行存款-人民币-中国银行-基本户,银行存款-人民币-中国银行-基本户
800,1,4000,1002010110,银行存款-人民币-中国银行-一般户1,银行存款-人民币-中国银行-一般户1,银行存款-人民币-中国银行-一般户1
800,1,4000,1002010111,银行存款-人民币-中国银行-一般户2,银行存款-人民币-中国银行-一般户2,银行存款-人民币-中国银行-一般户2
800,1,4000,1002010120,银行存款-人民币-中国银行-专用户1,银行存款-人民币-中国银行-专用户1,银行存款-人民币-中国银行-专用户1
800,1,4000,1002010121,银行存款-人民币-中国银行-专用户2,银行存款-人民币-中国银行-专用户2,银行存款-人民币-中国银行-专用户2
800,1,4000,1002010201,银行存款-人民币-农业银行-基本户,银行存款-人民币-农业银行-基本户,银行存款-人民币-农业银行-基本户
800,1,4000,1002010202,银行存款-人民币-农业银行-基本户1,银行存款-人民币-农业银行-基本户1,银行存款-人民币-农业银行-基本户1
800,1,4000,1002010203,银行存款-人民币-农业银行-保证金户,银行存款-人民币-农业银行-保证金户,银行存款-人民币-农业银行-保证金户
800,1,4000,1002010210,银行存款-人民币-农业银行-一般户1,银行存款-人民币-农业银行-一般户1,银行存款-人民币-农业银行-一般户1
800,1,4000,1002010211,银行存款-人民币-农业银行-一般户2,银行存款-人民币-农业银行-一般户2,银行存款-人民币-农业银行-一般户2
800,1,4000,1002010212,银行存款-人民币-农业银行-一般户3,银行存款-人民币-农业银行-一般户3,银行存款-人民币-农业银行-一般户3
800,1,4000,1002010213,银行存款-人民币-农业银行-一般户4,银行存款-人民币-农业银行-一般户4,银行存款-人民币-农业银行-一般户4
800,1,4000,1002010214,银行存款-人民币-农业银行-一般户5,银行存款-人民币-农业银行-一般户5,银行存款-人民币-农业银行-一般户5
800,1,4000,1002010215,银行存款-人民币-农业银行-一般户6,银行存款-人民币-农业银行-一般户6,银行存款-人民币-农业银行-一般户6
800,1,4000,1002010220,银行存款-人民币-农业银行-专用户1,银行存款-人民币-农业银行-专用户1,银行存款-人民币-农业银行-专用户1
800,1,4000,1002010221,银行存款-人民币-农业银行-专用户2,银行存款-人民币-农业银行-专用户2,银行存款-人民币-农业银行-专用户2
800,1,4000,1002010222,银行存款-人民币-农业银行-专用户3,银行存款-人民币-农业银行-专用户3,银行存款-人民币-农业银行-专用户3
800,1,4000,1002010240,银行存款-人民币-农业银行-资金归集账户,银行存款-人民币-农业银行-资金池归集账户,银行存款-人民币-农业银行-资金池归集账户
800,1,4000,1002010251,银行存款-人民币-农业银行-临时户,银行存款-人民币-农业银行-临时户,银行存款-人民币-农业银行-临时户
800,1,4000,1002010260,银行存款-人民币-农业银行-定期存款户1,银行存款-人民币-农业银行-定期存款户1,银行存款-人民币-农业银行-定期存款户1
800,1,4000,1002010301,银行存款-人民币-建设银行-基本户,银行存款-人民币-建设银行-基本户,银行存款-人民币-建设银行-基本户
800,1,4000,1002010310,银行存款-人民币-建设银行-一般户1,银行存款-人民币-建设银行-一般户1,银行存款-人民币-建设银行-一般户1
800,1,4000,1002010311,银行存款-人民币-建设银行-一般户2,银行存款-人民币-建设银行-一般户2,银行存款-人民币-建设银行-一般户2
800,1,4000,1002010312,银行存款-人民币-建设银行-一般户3,银行存款-人民币-建设银行-一般户3,银行存款-人民币-建设银行-一般户3
800,1,4000,1002010320,银行存款-人民币-建设银行-专用户1,银行存款-人民币-建设银行-专用户1,银行存款-人民币-建设银行-专用户1
800,1,4000,1002010321,银行存款-人民币-建设银行-专用户2,银行存款-人民币-建设银行-专用户2,银行存款-人民币-建设银行-专用户2
800,1,4000,1002010322,银行存款-人民币-建设银行-专用户3,银行存款-人民币-建设银行-专用户3,银行存款-人民币-建设银行-专用户3
800,1,4000,1002010410,银行存款-人民币-交通银行-一般户1,银行存款-人民币-交通银行-一般户1,银行存款-人民币-交通银行-一般户1
800,1,4000,1002010501,银行存款-人民币-工商银行-一基本户,银行存款-人民币-工商银行-一基本户,银行存款-人民币-工商银行-一基本户
800,1,4000,1002010510,银行存款-人民币-工商银行-一般户1,银行存款-人民币-工商银行-一般户1,银行存款-人民币-工商银行-一般户1
800,1,4000,1002010511,银行存款-人民币-工商银行-一般户2,银行存款-人民币-工商银行-一般户2,银行存款-人民币-工商银行-一般户2
800,1,4000,1002010520,银行存款-人民币-工商银行-专用户1,银行存款-人民币-工商银行-专用户1,银行存款-人民币-工商银行-专用户1
800,1,4000,1002010601,银行存款-人民币-中信实业银行-基本户,银行存款-人民币-中信实业银行-基本户,银行存款-人民币-中信实业银行-基本户
800,1,4000,1002010602,银行存款-人民币-中信实业银行-贷款户,银行存款-人民币-中信实业银行-贷款户,银行存款-人民币-中信实业银行-贷款户
800,1,4000,1002010603,银行存款-人民币-中信实业银行-保证金户,银行存款-人民币-中信实业银行-保证金户,银行存款-人民币-中信实业银行-保证金户
800,1,4000,1002010604,银行存款-人民币-中信银行-保证金户2,银行存款-人民币-中信银行-保证金户2,银行存款-人民币-中信银行-保证金户2
800,1,4000,1002010605,银行存款-人民币-中信银行-保证金户3,银行存款-人民币-中信银行-保证金户3,银行存款-人民币-中信银行-保证金户3
800,1,4000,1002010606,银行存款-人民币-中信银行-保证金户4,银行存款-人民币-中信银行-保证金户4,银行存款-人民币-中信银行-保证金户4
800,1,4000,1002010607,银行存款-人民币-中信银行-保证金户5,银行存款-人民币-中信银行-保证金户5,银行存款-人民币-中信银行-保证金户5
800,1,4000,1002010608,银行存款-人民币-中信银行-保证金户6,银行存款-人民币-中信银行-保证金户6,银行存款-人民币-中信银行-保证金户6
800,1,4000,1002010609,银行存款-人民币-中信银行-保证金户7,银行存款-人民币-中信银行-保证金户7,银行存款-人民币-中信银行-保证金户7
800,1,4000,1002010610,银行存款-人民币-中信银行-一般户1,银行存款-人民币-中信银行-一般户1,银行存款-人民币-中信银行-一般户1
800,1,4000,1002010611,银行存款-人民币-中信实业银行-一般户2,银行存款-人民币-中信实业银行-一般户2,银行存款-人民币-中信实业银行-一般户2
800,1,4000,1002010612,银行存款-人民币-中信实业银行-一般户3,银行存款-人民币-中信实业银行-一般户3,银行存款-人民币-中信实业银行-一般户3
800,1,4000,1002010620,银行存款-人民币-中信实业银行-专用户,银行存款-人民币-中信实业银行-专用户,银行存款-人民币-中信实业银行-专用户
800,1,4000,1002010621,银行存款-人民币-中信银行-专用户2,银行存款-人民币-中信银行-专用户2,银行存款-人民币-中信银行-专用户2
800,1,4000,1002010640,银行存款-人民币-中信银行-保证金户8,银行存款-人民币-中信银行-保证金户8,银行存款-人民币-中信银行-保证金户8
800,1,4000,1002010641,银行存款-人民币-中信银行-保证金户9,银行存款-人民币-中信银行-保证金户9,银行存款-人民币-中信银行-保证金户9
800,1,4000,1002010642,银行存款-人民币-中信银行-保证金户10,银行存款-人民币-中信银行-保证金户10,银行存款-人民币-中信银行-保证金户10
800,1,4000,1002010643,银行存款-人民币-中信银行-保证金户11,银行存款-人民币-中信银行-保证金户11,银行存款-人民币-中信银行-保证金户11
800,1,4000,1002010644,银行存款-人民币-中信银行-保证金户12,银行存款-人民币-中信银行-保证金户12,银行存款-人民币-中信银行-保证金户12
800,1,4000,1002010645,银行存款-人民币-中信银行-保证金户13,银行存款-人民币-中信银行-保证金户13,银行存款-人民币-中信银行-保证金户13
800,1,4000,1002010646,银行存款-人民币-中信银行-保证金户14,银行存款-人民币-中信银行-保证金户14,银行存款-人民币-中信银行-保证金户14
800,1,4000,1002010647,银行存款-人民币-中信银行-保证金户15,银行存款-人民币-中信银行-保证金户15,银行存款-人民币-中信银行-保证金户15
800,1,4000,1002010648,银行存款-人民币-中信银行-保证金户16,银行存款-人民币-中信银行-保证金户16,银行存款-人民币-中信银行-保证金户16
800,1,4000,1002010710,银行存款-人民币-光大银行-一般户1,银行存款-人民币-光大银行-一般户1,银行存款-人民币-光大银行-一般户1
800,1,4000,1002010730,银行存款-人民币-光大银行-结构性账户,银行存款-人民币-光大银行-结构性账户,银行存款-人民币-光大银行-结构性账户
800,1,4000,1002010801,银行存款-人民币-兴业银行-基本户,银行存款-人民币-兴业银行-基本户,银行存款-人民币-兴业银行-基本户
800,1,4000,1002010810,银行存款-人民币-兴业银行-一般户1,银行存款-人民币-兴业银行-一般户1,银行存款-人民币-兴业银行-一般户1
800,1,4000,1002010811,银行存款-人民币-兴业银行-一般户2,银行存款-人民币-兴业银行-一般户2,银行存款-人民币-兴业银行-一般户2
800,1,4000,1002010830,银行存款-人民币-兴业银行-结构性账户,银行存款-人民币-兴业银行-结构性账户,银行存款-人民币-兴业银行-结构性账户
800,1,4000,1002010901,银行存款-人民币-民生银行-基本户1,银行存款-人民币-民生银行-基本户1,银行存款-人民币-民生银行-基本户1
800,1,4000,1002010903,银行存款-人民币-民生银行-保证金户,银行存款-人民币-民生银行-保证金户,银行存款-人民币-民生银行-保证金户
800,1,4000,1002010910,银行存款-人民币-民生银行-一般户1,银行存款-人民币-民生银行-一般户1,银行存款-人民币-民生银行-一般户1
800,1,4000,1002010911,银行存款-人民币-民生银行-一般户2,银行存款-人民币-民生银行-一般户2,银行存款-人民币-民生银行-一般户2
800,1,4000,1002011001,银行存款-人民币-招商银行-基本户,银行存款-人民币-招商银行-基本户,银行存款-人民币-招商银行-基本户
800,1,4000,1002011002,银行存款-人民币-招商银行-贷款户,银行存款-人民币-招商银行-贷款户,银行存款-人民币-招商银行-贷款户
800,1,4000,1002011010,银行存款-人民币-招商银行-一般户1,银行存款-人民币-招商银行-一般户1,银行存款-人民币-招商银行-一般户1
800,1,4000,1002011011,银行存款-人民币-招商银行-一般户2,银行存款-人民币-招商银行-一般户2,银行存款-人民币-招商银行-一般户2
800,1,4000,1002011012,银行存款-人民币-招商银行-一般户3,银行存款-人民币-招商银行-一般户3,银行存款-人民币-招商银行-一般户3
800,1,4000,1002011060,银行存款-人民币-招商银行-定期存款户1,银行存款-人民币-招商银行-定期存款户1,银行存款-人民币-招商银行-定期存款户1
800,1,4000,1002011110,银行存款-人民币-华夏银行-一般户,银行存款-人民币-华夏银行-一般户,银行存款-人民币-华夏银行-一般户
800,1,4000,1002011120,银行存款-人民币-华夏银行-专用户1,银行存款-人民币-华夏银行-专用户1,银行存款-人民币-华夏银行-专用户1
800,1,4000,1002011201,银行存款-人民币-上海浦发银行-一般户1,银行存款-人民币-上海浦发银行-一般户1,银行存款-人民币-上海浦发银行-一般户1
800,1,4000,1002011202,银行存款-人民币-上海浦发银行-一般户2,银行存款-人民币-上海浦发银行-一般户2,银行存款-人民币-上海浦发银行-一般户2
800,1,4000,1002011601,银行存款-人民币-农业发展银行-基本户,银行存款-人民币-农业发展银行-基本户,银行存款-人民币-农业发展银行-基本户
800,1,4000,1002011602,银行存款-人民币-农业发展银行-贷款户,银行存款-人民币-农业发展银行-贷款户,银行存款-人民币-农业发展银行-贷款户
800,1,4000,1002011610,银行存款-人民币-农业发展银行-一般户1,银行存款-人民币-农业发展银行-一般户1,银行存款-人民币-农业发展银行-一般户1
800,1,4000,1002011710,银行存款-人民币-信用社-一般户1,银行存款-人民币-信用社-一般户1,银行存款-人民币-信用社-一般户1
800,1,4000,1002011711,银行存款-人民币-信用社-一般户2,银行存款-人民币-信用社-一般户2,银行存款-人民币-信用社-一般户2
800,1,4000,1002011720,银行存款-人民币-信用社-专用户1,银行存款-人民币-信用社-专用户1,银行存款-人民币-信用社-专用户1
800,1,4000,1002011803,银行存款-人民币-邮政储蓄银行-保证金户,银行存款-人民币-邮政储蓄银行-保证金户1,银行存款-人民币-邮政储蓄银行-保证金户1
800,1,4000,1002011810,银行存款-人民币-邮政储蓄银行-一般户1,银行存款-人民币-邮政储蓄银行-一般户1,银行存款-人民币-邮政储蓄银行-一般户1
800,1,4000,1002011811,银行存款-人民币-邮政储蓄银行-一般户2,银行存款-人民币-邮政储蓄银行-一般户2,银行存款-人民币-邮政储蓄银行-一般户2
800,1,4000,1002012010,银行存款-人民币-花旗银行-一般户1,银行存款-人民币-花旗银行-一般户1,银行存款-人民币-花旗银行-一般户1
800,1,4000,1002012202,银行存款-人民币-汇丰银行-贷款户,银行存款-人民币-汇丰银行-贷款户,银行存款-人民币-汇丰银行-贷款户
800,1,4000,1002012203,银行存款-人民币-汇丰银行-保证金户,银行存款-人民币-汇丰银行-保证金户,银行存款-人民币-汇丰银行-保证金户
800,1,4000,1002012210,银行存款-人民币-汇丰银行-一般户1,银行存款-人民币-汇丰银行-一般户1,银行存款-人民币-汇丰银行-一般户1
800,1,4000,1002012211,银行存款-人民币-汇丰银行-一般户2,银行存款-人民币-汇丰银行-一般户2,银行存款-人民币-汇丰银行-一般户2
800,1,4000,1002012220,银行存款-人民币-汇丰银行-专用户,银行存款-人民币-汇丰银行-专用户,银行存款-人民币-汇丰银行-专用户
800,1,4000,1002012240,银行存款-人民币-汇丰银行-FTN户,银行存款-人民币-汇丰银行-FTN户,银行存款-人民币-汇丰银行-FTN户
800,1,4000,1002013010,银行存款-人民币-成都银行-一般户1,银行存款-人民币-成都银行-一般户1,银行存款-人民币-成都银行-一般户1
800,1,4000,1002013011,银行存款-人民币-成都银行-一般户2,银行存款-人民币-成都银行-一般户2,银行存款-人民币-成都银行-一般户2
800,1,4000,1002013012,银行存款-人民币-成都银行-一般户3,银行存款-人民币-成都银行-一般户3,银行存款-人民币-成都银行-一般户3
800,1,4000,1002013020,银行存款-人民币-成都银行-专用户1,银行存款-人民币-成都银行-专用户1,银行存款-人民币-成都银行-专用户1
800,1,4000,1002013120,银行存款-人民币-富滇银行-专用户1,银行存款-人民币-富滇银行-专用户1,银行存款-人民币-富滇银行-专用户1
800,1,4000,1002013201,银行存款-人民币-农村合作银行-基本户,银行存款-人民币-农村合作银行-基本户,银行存款-人民币-农村合作银行-基本户
800,1,4000,1002013210,银行存款-人民币-农村合作银行-一般户1,银行存款-人民币-农村合作银行-一般户1,银行存款-人民币-农村合作银行-一般户1
800,1,4000,1002013310,银行存款-人民币-广东发展银行-一般户1,银行存款-人民币-广东发展银行-一般户1,银行存款-人民币-广东发展银行-一般户1
800,1,4000,1002013510,银行存款-人民币-南洋商业银行-一般户1,银行存款-人民币-南洋商业银行-一般户1,银行存款-人民币-南洋商业银行-一般户1
800,1,4000,1002013610,银行存款-人民币-德意志银行-一般户1,银行存款-人民币-德意志银行-一般户1,银行存款-人民币-德意志银行-一般户1
800,1,4000,1002013611,银行存款-人民币-德意志银行-一般户2,银行存款-人民币-德意志银行-一般户2,银行存款-人民币-德意志银行-一般户2
800,1,4000,1002013710,银行存款-人民币-大华银行-一般户1,银行存款-人民币-大华银行-一般户1,银行存款-人民币-大华银行-一般户1
800,1,4000,1002013810,银行存款-人民币-平安银行-一般户1,银行存款-人民币-平安银行-一般户1,银行存款-人民币-平安银行-一般户1
800,1,4000,1002013811,银行存款-人民币-平安银行-一般户2,银行存款-人民币-平安银行-一般户2,银行存款-人民币-平安银行-一般户2
800,1,4000,1002013820,银行存款-人民币-平安银行-专用户1,银行存款-人民币-平安银行-专用户1,银行存款-人民币-平安银行-专用户1
800,1,4000,1002013830,银行存款-人民币-平安银行-结构性存款,银行存款-人民币-平安银行-结构性存款,银行存款-人民币-平安银行-结构性存款
800,1,4000,1002013910,银行存款-人民币-国家开发银行-一般户1,银行存款-人民币-国家开发银行-一般户1,银行存款-人民币-国家开发银行-一般户1
800,1,4000,1002014010,银行存款-人民币-进出口银行-一般户1,银行存款-人民币-进出口银行-一般户1,银行存款-人民币-进出口银行-一般户1
800,1,4000,1002014110,银行存款-人民币-瑞穗银行-一般户1,银行存款-人民币-瑞穗银行-一般户1,银行存款-人民币-瑞穗银行-一般户1
800,1,4000,1002014210,银行存款-人民币-广发银行-一般户1,银行存款-人民币-广发银行-一般户1,银行存款-人民币-广发银行-一般户1
800,1,4000,1002014310,银行存款-人民币-浙商银行-一般户1,银行存款-人民币-浙商银行-一般户1,银行存款-人民币-浙商银行-一般户1
800,1,4000,1002014510,银行存款-人民币-成都农商银行-一般户1,银行存款-人民币-成都农商银行-一般户1,银行存款-人民币-成都农商银行-一般户1
800,1,4000,1002014610,银行存款-人民币-渣打银行-一般户1,银行存款-人民币-渣打银行-一般户1,银行存款-人民币-渣打银行-一般户1
800,1,4000,1002014611,银行存款-人民币-渣打银行-一般户2,银行存款-人民币-渣打银行-一般户2,银行存款-人民币-渣打银行-一般户2
800,1,4000,1002014703,银行存款-人民币-宁夏银行-保证金户,银行存款-人民币-宁夏银行-保证金户,银行存款-人民币-宁夏银行-保证金户
800,1,4000,1002014710,银行存款-人民币-宁夏银行-一般户1,银行存款-人民币-宁夏银行-一般户1,银行存款-人民币-宁夏银行-一般户1
800,1,4000,1002014810,银行存款-人民币-宁波银行-一般户1,银行存款-人民币-宁波银行-一般户1,银行存款-人民币-宁波银行-一般户1
800,1,4000,1002014910,银行存款-人民币-农村商业银行-一般户1,银行存款-人民币-农村商业银行-一般户1,银行存款-人民币-农村商业银行-一般户1
800,1,4000,1002014920,银行存款-人民币-农村商业银行-专用户1,银行存款-人民币-农村商业银行-专用户1,银行存款-人民币-农村商业银行-专用户1
800,1,4000,1002015010,银行存款-人民币-上海银行-一般户1,银行存款-人民币-上海银行-一般户1,银行存款-人民币-上海银行-一般户1
800,1,4000,1002015110,银行存款-人民币-四川银行-一般户1,银行存款-人民币-四川银行-一般户1,银行存款-人民币-四川银行-一般户1
800,1,4000,1002015210,银行存款-人民币-徽商银行-一般户1,银行存款-人民币-徽商银行-一般户1,银行存款-人民币-徽商银行-一般户1
800,1,4000,1002015310,银行存款-人民币-渤海银行-一般户1,银行存款-人民币-渤海银行-一般户1,银行存款-人民币-渤海银行-一般户1
800,1,4000,1002015320,银行存款-人民币-渤海银行-大额存单户,银行存款-人民币-渤海银行-大额存单户,银行存款-人民币-渤海银行-大额存单户
800,1,4000,1002015410,银行存款-人民币-日照银行-一般户1,银行存款-人民币-日照银行-一般户1,银行存款-人民币-日照银行-一般户1
800,1,4000,1002015500,银行存款-新希望财务公司资金平台,银行存款-新希望财务公司资金平台,银行存款-新希望财务公司资金平台
800,1,4000,1002015501,银行存款-资金平台-分子公司-账户1,银行存款-新希望财务公司资金平台-分子公司-账户1,银行存款-新希望财务公司资金平台-分子公司-账户1
800,1,4000,1002015502,删除,删除,删除
800,1,4000,1002015503,银行存款-人民币-财务公司-保证金户1,银行存款-人民币-财务公司-保证金户1,银行存款-人民币-财务公司-保证金户1
800,1,4000,1002015504,银行存款-资金平台-分子公司-账户2,银行存款-新希望财务公司资金平台-分子公司-账户2,银行存款-新希望财务公司资金平台-分子公司-账户2
800,1,4000,1002015505,银行存款-新希望财务公司,银行存款-新希望财务公司,银行存款-新希望财务公司
800,1,4000,1002015506,银行存款-新希望财务公司-牛奶钱包,银行存款-新希望财务公司-牛奶钱包,银行存款-新希望财务公司-牛奶钱包
800,1,4000,1002015507,银行存款-新希望财务公司-电子汇票专户,银行存款-新希望财务公司-电子汇票专户,银行存款-新希望财务公司-电子汇票专户
800,1,4000,1002015508,银行存款-新希望财务公司-牛奶钱包资金平,银行存款-新希望财务公司-牛奶钱包资金平台,银行存款-新希望财务公司-牛奶钱包资金平台
800,1,4000,1002015510,银行存款-人民币-青岛银行-一般户1,银行存款-人民币-青岛银行-一般户1,银行存款-人民币-青岛银行-一般户1
800,1,4000,1002015610,银行存款-人民币-江苏银行-一般户1,银行存款-人民币-江苏银行-一般户1,银行存款-人民币-江苏银行-一般户1
800,1,4000,1002020110,银行存款-美元-中国银行-一般户1,银行存款-美元-中国银行-一般户1,银行存款-美元-中国银行-一般户1
800,1,4000,1002020111,银行存款-美元-中国银行-一般户2,银行存款-美元-中国银行-一般户2,银行存款-美元-中国银行-一般户2
800,1,4000,1002020112,银行存款-美元-中国银行-一般户3,银行存款-美元-中国银行-一般户3,银行存款-美元-中国银行-一般户3
800,1,4000,1002020120,银行存款-美元-中国银行-专用户,银行存款-美元-中国银行-专用户,银行存款-美元-中国银行-专用户
800,1,4000,1002020210,银行存款-美元-农业银行-一般户1,银行存款-美元-农业银行-一般户1,银行存款-美元-农业银行-一般户1
800,1,4000,1002020211,银行存款-美元-农业银行-一般户2,银行存款-美元-农业银行-一般户2,银行存款-美元-农业银行-一般户2
800,1,4000,1002020212,银行存款-美元-农业银行-一般户3,银行存款-美元-农业银行-一般户3,银行存款-美元-农业银行-一般户3
800,1,4000,1002020510,银行存款-美元-工商银行-一般户1,银行存款-美元-工商银行-一般户1,银行存款-美元-工商银行-一般户1
800,1,4000,1002020603,银行存款-美元-中信银行-保证金户,银行存款-美元-中信银行-保证金户,银行存款-美元-中信银行-保证金户
800,1,4000,1002020604,银行存款-美元-中信银行-保证金户1,银行存款-美元-中信银行-保证金户1,银行存款-美元-中信银行-保证金户1
800,1,4000,1002020610,银行存款-美元-中信实业银行-一般户,银行存款-美元-中信实业银行-一般户,银行存款-美元-中信实业银行-一般户
800,1,4000,1002021810,银行存款-美元-邮政储蓄银行-一般户1,银行存款-美元-邮政储蓄银行-一般户1,银行存款-美元-邮政储蓄银行-一般户1
800,1,4000,1002021820,银行存款-美元-邮政储蓄银行—专用户1,银行存款-美元-邮政储蓄银行-一专用户1,银行存款-美元-邮政储蓄银行-一专用户1
800,1,4000,1002022202,银行存款-美元-汇丰银行-贷款户,银行存款-美元-汇丰银行-贷款户,银行存款-美元-汇丰银行-贷款户
800,1,4000,1002022210,银行存款-美元-汇丰银行-一般户1,银行存款-美元-汇丰银行-一般户1,银行存款-美元-汇丰银行-一般户1
800,1,4000,1002022211,银行存款-美元-汇丰银行-一般户2,银行存款-美元-汇丰银行-一般户2,银行存款-美元-汇丰银行-一般户2
800,1,4000,1002022212,银行存款-美元-汇丰银行-一般户3,银行存款-美元-汇丰银行-一般户3,银行存款-美元-汇丰银行-一般户3
800,1,4000,1002022213,银行存款-美元-汇丰银行-一般户4,银行存款-美元-汇丰银行-一般户4,银行存款-美元-汇丰银行-一般户4
800,1,4000,1002022214,银行存款-美元-汇丰银行-一般户5,银行存款-美元-汇丰银行-一般户5,银行存款-美元-汇丰银行-一般户5
800,1,4000,1002022240,银行存款-美元-汇丰银行-FTN户,银行存款-美元-汇丰银行-FTN户,银行存款-美元-汇丰银行-FTN户
800,1,4000,1002023610,银行存款-美元-德意志银行-一般户1,银行存款-美元-德意志银行-一般户1,银行存款-美元-德意志银行-一般户1
800,1,4000,1002024610,银行存款-美元-渣打银行-一般户1,银行存款-美元-渣打银行-一般户1,银行存款-美元-渣打银行-一般户1
800,1,4000,1002024620,银行存款-美元-渣打银行-专用户1,银行存款-美元-渣打银行-专用户1,银行存款-美元-渣打银行-专用户1
800,1,4000,1002025110,银行存款-美元-荷兰合作银行-一般户1,银行存款-美元-荷兰合作银行-一般户1,银行存款-美元-荷兰合作银行-一般户1
800,1,4000,1002025120,银行存款-美元-荷兰合作银行-专用户1,银行存款-美元-荷兰合作银行-专用户1,银行存款-美元-荷兰合作银行-专用户1
800,1,4000,1002040110,银行存款-欧元-中国银行-一般户1,银行存款-欧元-中国银行-一般户1,银行存款-欧元-中国银行-一般户1
800,1,4000,1002040203,银行存款-欧元-农业银行-保证金户,银行存款-欧元-农业银行-保证金户,银行存款-欧元-农业银行-保证金户
800,1,4000,1002040210,银行存款-欧元-农业银行-一般户1,银行存款-欧元-农业银行-一般户1,银行存款-欧元-农业银行-一般户1
800,1,4000,1002040211,银行存款-欧元-农业银行-一般户2,银行存款-欧元-农业银行-一般户2,银行存款-欧元-农业银行-一般户2
800,1,4000,1002042202,银行存款-欧元-汇丰银行-贷款户,银行存款-欧元-汇丰银行-贷款户,银行存款-欧元-汇丰银行-贷款户
800,1,4000,1002042210,银行存款-欧元-汇丰银行-一般户1,银行存款-欧元-汇丰银行—般户1,银行存款-欧元-汇丰银行—般户1
800,1,4000,1002050903,银行存款-澳元-民生银行-保证金户,银行存款-澳元-民生银行-保证金户,银行存款-澳元-民生银行-保证金户
800,1,4000,1002050910,银行存款-澳元-民生银行-一般户1,银行存款-澳元-民生银行-一般户1,银行存款-澳元-民生银行-一般户1
800,1,4000,1002060603,银行存款-新西兰元-中信银行-保证金户,银行存款-新西兰元-中信银行-保证金户,银行存款-新西兰元-中信银行-保证金户
800,1,4000,1002070210,银行存款-日元-农业银行-一般户1,银行存款-日元-农业银行-一般户1,银行存款-日元-农业银行-一般户1
800,1,4000,1002070211,银行存款-日元-农业银行-一般户2,银行存款-日元-农业银行-一般户2,银行存款-日元-农业银行-一般户2
800,1,4000,1002082210,银行存款-港币-汇丰银行-一般户1,银行存款-港币-汇丰银行-一般户1,银行存款-港币-汇丰银行-一般户1
800,1,4000,1002999999,外币兑换-中间科目,外币兑换-中间科目,外币兑换-中间科目
800,1,4000,1012010000,其他货币资金-外埠存款,其他货币资金-外埠存款,其他货币资金-外埠存款
800,1,4000,1012020000,其他货币资金-银行本票,其他货币资金-银行本票,其他货币资金-银行本票
800,1,4000,1012030000,其他货币资金-银行汇票,其他货币资金-银行汇票,其他货币资金-银行汇票
800,1,4000,1012040000,其他货币资金-信用卡存款,其他货币资金-信用卡存款,其他货币资金-信用卡存款
800,1,4000,1012050101,其他货币资金-信用证保证金-人民币-中国,其他货币资金-信用证保证金-人民币-中国农业银行,其他货币资金-信用证保证金-人民币-中国农业银行
800,1,4000,1012050102,其他货币资金-信用证保证金-人民币-中信,其他货币资金-信用证保证金-人民币-中信银行,其他货币资金-信用证保证金-人民币-中信银行
800,1,4000,1012050103,其他货币资金-信用证保证金-人民币-交通,其他货币资金-信用证保证金-人民币-交通银行,其他货币资金-信用证保证金-人民币-交通银行
800,1,4000,1012050104,其他货币资金-信用证保证金-人民币-汇丰,其他货币资金-信用证保证金-人民币-汇丰银行,其他货币资金-信用证保证金-人民币-汇丰银行
800,1,4000,1012050201,其他货币资金-信用证保证金-美元-中国农,其他货币资金-信用证保证金-美元-中国农业银行,其他货币资金-信用证保证金-美元-中国农业银行
800,1,4000,1012050202,其他货币资金-信用证保证金-美元-中信银,其他货币资金-信用证保证金-美元-中信银行,其他货币资金-信用证保证金-美元-中信银行
800,1,4000,1012050203,其他货币资金-信用证保证金-美元-交通银,其他货币资金-信用证保证金-美元-交通银行,其他货币资金-信用证保证金-美元-交通银行
800,1,4000,1012050204,其他货币资金-信用证保证金-美元-汇丰银,其他货币资金-信用证保证金-美元-汇丰银行,其他货币资金-信用证保证金-美元-汇丰银行
800,1,4000,1012060000,其他货币资金-存出投资款,其他货币资金-存出投资款,其他货币资金-存出投资款
800,1,4000,1012070000,其他货币资金-票据保证金,其他货币资金-票据保证金,其他货币资金-票据保证金
800,1,4000,1012080000,其他货币资金-期货保证金,其他货币资金-期货保证金,其他货币资金-期货保证金
800,1,4000,1012090000,其他货币资金-住房公积金,其他货币资金-住房公积金,其他货币资金-住房公积金
800,1,4000,1012100000,其他货币资金-支付宝账户,其他货币资金-支付宝账户,其他货币资金-支付宝账户
800,1,4000,1012110000,其他货币资金-证券户,其他货币资金-证券户,其他货币资金-证券户
800,1,4000,1012990000,其他货币资金-在途资金,其他货币资金-在途资金,其他货币资金-在途资金
800,1,4000,1012990100,其他货币资金-在途资金-供应链金融,其他货币资金-在途资金-供应链金融,其他货币资金-在途资金-供应链金融
800,1,4000,1012990200,其他货币资金-在途资金-新希望在线,其他货币资金-在途资金-新希望在线,其他货币资金-在途资金-新希望在线
800,1,4000,1012990300,其他货币资金-在途资金-其他,其他货币资金-在途资金-其他,其他货币资金-在途资金-其他
800,1,4000,1101010000,交易性金融资产-成本,交易性金融资产-成本,交易性金融资产-成本
800,1,4000,1101020000,交易性金融资产-公允价值变动,交易性金融资产-公允价值变动,交易性金融资产-公允价值变动
800,1,4000,1121010000,应收票据-银行承兑汇票,应收票据-银行承兑汇票,应收票据-银行承兑汇票
800,1,4000,1121020000,应收票据-商业承兑汇票,应收票据-商业承兑汇票,应收票据-商业承兑汇票
800,1,4000,1121030000,应收票据-国内信用证,应收票据-国内信用证,应收票据-国内信用证
800,1,4000,1122010000,应收账款-应收货款,应收账款-应收货款,应收账款-应收货款
800,1,4000,1122020000,应收账款-客户保证金,应收账款-客户保证金,应收账款-客户保证金
800,1,4000,1122021000,已删除,已删除,已删除
800,1,4000,1122030000,应收账款-营养餐物流保证金,应收账款-营养餐物流保证金（禁用）,应收账款-营养餐物流保证金（禁用）
800,1,4000,1122999998,应收账款重分类调整,应收账款重分类调整,应收账款重分类调整
800,1,4000,1122999999,应收账款-外币评估调整,应收账款-外币评估调整,应收账款-外币评估调整
800,1,4000,1123000000,预付账款,预付账款,预付账款
800,1,4000,1123999998,预付账款重分类调整,预付账款重分类调整,预付账款重分类调整
800,1,4000,1123999999,预付账款-外币评估调整,预付账款-外币评估调整,预付账款-外币评估调整
800,1,4000,1131000000,应收股利,应收股利,应收股利
800,1,4000,1132000000,应收利息,应收利息,应收利息
800,1,4000,1221000000,其他应收款-其他,其他应收款-其他,其他应收款-其他
800,1,4000,1221010000,其他应收款-瓶箱押金,其他应收款-瓶箱押金,其他应收款-瓶箱押金
800,1,4000,1221020000,内部往来-资产,内部往来-资产,内部往来-资产
800,1,4000,1221030000,其他应收款-陈列柜押金,其他应收款-陈列柜押金,其他应收款-陈列柜押金
800,1,4000,1221040000,其他应收款-保证金,其他应收款-保证金,其他应收款-保证金
800,1,4000,1221050000,其他应收款-运费(删除),其他应收款-运费(删除),其他应收款-运费(删除)
800,1,4000,1221999997,其他应收款-代收运费(删除),其他应收款-代收运费(删除),其他应收款-代收运费(删除)
800,1,4000,1221999998,其他应收款重分类调整,其他应收款重分类调整,其他应收款重分类调整
800,1,4000,1221999999,其他应收款-外币评估调整,其他应收款-外币评估调整,其他应收款-外币评估调整
800,1,4000,1231010000,坏账准备-应收账款,坏账准备-应收账款,坏账准备-应收账款
800,1,4000,1231020000,坏账准备-其他应收账款,坏账准备-其他应收账款,坏账准备-其他应收账款
800,1,4000,1402000000,在途物资(删除),在途物资(删除),在途物资(删除)
800,1,4000,1403010000,原材料-原辅料,原材料-原辅料,原材料-原辅料
800,1,4000,1403020000,原材料-备品备件,原材料-备品备件,原材料-备品备件
800,1,4000,1403030000,原材料-燃料(删除),原材料-燃料(删除),原材料-燃料(删除)
800,1,4000,1403999998,原材料差异-物料账,原材料差异-物料账,原材料差异-物料账
800,1,4000,1403999999,原材料差异,原材料差异,原材料差异
800,1,4000,1405010000,库存商品-产成品,库存商品-产成品,库存商品-产成品
800,1,4000,1405020000,库存商品-外购商品,库存商品-外购商品,库存商品-外购商品
800,1,4000,1405999998,产成品差异-物料账,产成品差异-物料账,产成品差异-物料账
800,1,4000,1405999999,产成品差异,产成品差异,产成品差异
800,1,4000,1406000000,发出商品(删除),发出商品(删除),发出商品(删除)
800,1,4000,1407000000,自制半成品,自制半成品,自制半成品
800,1,4000,1407999998,半成品差异-物料账,半成品差异-物料账,半成品差异-物料账
800,1,4000,1407999999,半成品差异,半成品差异,半成品差异
800,1,4000,1408000000,委托加工物资-结转,委托加工物资-结转,委托加工物资-结转
800,1,4000,1408010000,委托加工物资-材料,委托加工物资-材料,委托加工物资-材料
800,1,4000,1408020000,委托加工物资-加工费,委托加工物资-加工费,委托加工物资-加工费
800,1,4000,1410000000,包装物,包装物,包装物
800,1,4000,1411010000,周转材料-在库(删除),周转材料-在库(删除),周转材料-在库(删除)
800,1,4000,1411020000,周转材料,周转材料,周转材料
800,1,4000,1412000000,低值易耗品,低值易耗品,低值易耗品
800,1,4000,1421000000,消耗性生物资产,消耗性生物资产,消耗性生物资产
800,1,4000,1471010000,存货跌价准备-原材料,存货跌价准备-原材料,存货跌价准备-原材料
800,1,4000,1471020000,存货跌价准备-包装物,存货跌价准备-包装物,存货跌价准备-包装物
800,1,4000,1471030000,存货跌价准备-库存商品,存货跌价准备-库存商品,存货跌价准备-库存商品
800,1,4000,1471040000,存货跌价准备-低值易耗品,存货跌价准备-低值易耗品,存货跌价准备-低值易耗品
800,1,4000,1471050000,存货跌价准备-周转材料,存货跌价准备-周转材料,存货跌价准备-周转材料
800,1,4000,1471060000,存货跌价准备-发出商品,存货跌价准备-发出商品,存货跌价准备-发出商品
800,1,4000,1471070000,存货跌价准备-委托加工物资,存货跌价准备-委托加工物资,存货跌价准备-委托加工物资
800,1,4000,1471080000,存货跌价准备-自制半成品,存货跌价准备-自制半成品,存货跌价准备-自制半成品
800,1,4000,1471090000,存货跌价准备-消耗性生物资产,存货跌价准备-消耗性生物资产,存货跌价准备-消耗性生物资产
800,1,4000,1501010000,持有至到期投资-投资成本(删除),持有至到期投资-投资成本(删除),持有至到期投资-投资成本(删除)
800,1,4000,1501020000,持有至到期投资-利息调整(删除),持有至到期投资-利息调整(删除),持有至到期投资-利息调整(删除)
800,1,4000,1501030000,持有至到期投资-应计利息(删除),持有至到期投资-应计利息(删除),持有至到期投资-应计利息(删除)
800,1,4000,1502000000,持有至到期投资减值准备(冻结),持有至到期投资减值准备(冻结),持有至到期投资减值准备(冻结)
800,1,4000,1503010000,其他权益工具投资-投资成本,其他权益工具投资-投资成本,其他权益工具投资-投资成本
800,1,4000,1503020000,可供出售金融资产-利息调整(删除),可供出售金融资产-利息调整(删除),可供出售金融资产-利息调整(删除)
800,1,4000,1503030000,可供出售金融资产-应计利息(删除),可供出售金融资产-应计利息(删除),可供出售金融资产-应计利息(删除)
800,1,4000,1503040000,其他权益工具投资-公允价值变动,其他权益工具投资-公允价值变动,其他权益工具投资-公允价值变动
800,1,4000,1503050000,持有待售资产,持有待售资产,持有待售资产
800,1,4000,1504000000,其他权益工具投资-减值准备,其他权益工具投资-减值准备,其他权益工具投资-减值准备
800,1,4000,1511010000,长期股权投资-投资成本,长期股权投资-投资成本,长期股权投资-投资成本
800,1,4000,1511020000,长期股权投资-损益调整,长期股权投资-损益调整,长期股权投资-损益调整
800,1,4000,1511030000,长期股权投资-其他权益变动,长期股权投资-其他权益变动,长期股权投资-其他权益变动
800,1,4000,1511040000,长期股权投资-其他综合收益,长期股权投资-其他综合收益,长期股权投资-其他综合收益
800,1,4000,1511999999,长期股权投资-外币评估调整,长期股权投资-外币评估调整,长期股权投资-外币评估调整
800,1,4000,1512000000,长期股权投资减值准备,长期股权投资减值准备,长期股权投资减值准备
800,1,4000,1521000000,投资性房地产(删除),投资性房地产(删除),投资性房地产(删除)
800,1,4000,1521010000,投资性房地产-房屋建筑物,投资性房地产-房屋建筑物,投资性房地产-房屋建筑物
800,1,4000,1521020000,投资性房地产-土地使用权,投资性房地产-土地使用权,投资性房地产-土地使用权
800,1,4000,1521030000,投资性房地产-在建工程,投资性房地产-在建工程,投资性房地产-在建工程
800,1,4000,1522000000,投资性房地产累计折旧(删除),投资性房地产累计折旧(删除),投资性房地产累计折旧(删除)
800,1,4000,1522010000,投资性房地产累计折旧-房屋建筑物,投资性房地产累计折旧-房屋建筑物,投资性房地产累计折旧-房屋建筑物
800,1,4000,1522020000,投资性房地产累计折旧-土地使用权,投资性房地产累计折旧-土地使用权,投资性房地产累计折旧-土地使用权
800,1,4000,1523000000,投资性房地产减值准备(删除),投资性房地产减值准备(删除),投资性房地产减值准备(删除)
800,1,4000,1523010000,投资性房地产减值准备-房屋建筑物,投资性房地产减值准备-房屋建筑物,投资性房地产减值准备-房屋建筑物
800,1,4000,1523020000,投资性房地产减值准备-土地使用权,投资性房地产减值准备-土地使用权,投资性房地产减值准备-土地使用权
800,1,4000,1523030000,投资性房地产减值准备-在建工程,投资性房地产减值准备-在建工程,投资性房地产减值准备-在建工程
800,1,4000,1531000000,长期应收款,长期应收款,长期应收款
800,1,4000,1532000000,未实现融资收益,未实现融资收益,未实现融资收益
800,1,4000,1533010000,使用权资产,使用权资产,使用权资产
800,1,4000,1533020000,累计折旧-使用权资产,累计折旧-使用权资产,累计折旧-使用权资产
800,1,4000,1533030000,使用权资产-减值准备,使用权资产-减值准备,使用权资产-减值准备
800,1,4000,1601010000,固定资产-生产用房屋及建筑物,固定资产-生产用房屋及建筑物,固定资产-生产用房屋及建筑物
800,1,4000,1601020000,固定资产-非生产用房屋建筑物,固定资产-非生产用房屋建筑物,固定资产-非生产用房屋建筑物
800,1,4000,1601030000,固定资产-简易房屋建筑物(删除),固定资产-简易房屋建筑物(删除),固定资产-简易房屋建筑物(删除)
800,1,4000,1601040000,固定资产-其他房屋建筑物,固定资产-其他房屋建筑物,固定资产-其他房屋建筑物
800,1,4000,1601050000,固定资产-机器设备,固定资产-机器设备,固定资产-机器设备
800,1,4000,1601060000,固定资产-运输设备,固定资产-运输设备,固定资产-运输设备
800,1,4000,1601070000,固定资产-器具及办公家俱,固定资产-器具及办公家俱,固定资产-器具及办公家俱
800,1,4000,1601080000,固定资产-电子设备,固定资产-电子设备,固定资产-电子设备
800,1,4000,1601090000,固定资产-品控检验设备,固定资产-品控检验设备,固定资产-品控检验设备
800,1,4000,1601100000,固定资产-其他设备,固定资产-其他设备,固定资产-其他设备
800,1,4000,1601110000,固定资产-辅助专用设备,固定资产-辅助专用设备,固定资产-辅助专用设备
800,1,4000,1602010000,累计折旧-房屋及建筑物,累计折旧-房屋及建筑物,累计折旧-房屋及建筑物
800,1,4000,1602020000,累计折旧-非生产用房屋建筑物,累计折旧-非生产用房屋建筑物,累计折旧-非生产用房屋建筑物
800,1,4000,1602030000,累计折旧-简易房屋建筑物(删除),累计折旧-简易房屋建筑物(删除),累计折旧-简易房屋建筑物(删除)
800,1,4000,1602040000,累计折旧-其他房屋建筑物,累计折旧-其他房屋建筑物,累计折旧-其他房屋建筑物
800,1,4000,1602050000,累计折旧-机器设备,累计折旧-机器设备,累计折旧-机器设备
800,1,4000,1602060000,累计折旧-运输设备,累计折旧-运输设备,累计折旧-运输设备
800,1,4000,1602070000,累计折旧-器具及办公家俱,累计折旧-器具及办公家俱,累计折旧-器具及办公家俱
800,1,4000,1602080000,累计折旧-电子设备,累计折旧-电子设备,累计折旧-电子设备
800,1,4000,1602090000,累计折旧-品控检验设备,累计折旧-品控检验设备,累计折旧-品控检验设备
800,1,4000,1602100000,累计折旧-其他设备,累计折旧-其他设备,累计折旧-其他设备
800,1,4000,1602110000,累计折旧-辅助专用设备,累计折旧-辅助专用设备,累计折旧-辅助专用设备
800,1,4000,1603000000,固定资产减值准备(删除),固定资产减值准备(删除),固定资产减值准备(删除)
800,1,4000,1603010000,固定资产-减值准备-生产用房屋及建筑物,固定资产-减值准备-生产用房屋及建筑物,固定资产-减值准备-生产用房屋及建筑物
800,1,4000,1603020000,固定资产-减值准备-非生产用房屋建筑物,固定资产-减值准备-非生产用房屋建筑物,固定资产-减值准备-非生产用房屋建筑物
800,1,4000,1603040000,固定资产-减值准备-其他房屋建筑物,固定资产-减值准备-其他房屋建筑物,固定资产-减值准备-其他房屋建筑物
800,1,4000,1603050000,固定资产-减值准备-机器设备,固定资产-减值准备-机器设备,固定资产-减值准备-机器设备
800,1,4000,1603060000,固定资产-减值准备-运输设备,固定资产-减值准备-运输设备,固定资产-减值准备-运输设备
800,1,4000,1603070000,固定资产-减值准备-器具及办公家俱,固定资产-减值准备-器具及办公家俱,固定资产-减值准备-器具及办公家俱
800,1,4000,1603080000,固定资产-减值准备-电子设备,固定资产-减值准备-电子设备,固定资产-减值准备-电子设备
800,1,4000,1603090000,固定资产-减值准备-品控检验设备,固定资产-减值准备-品控检验设备,固定资产-减值准备-品控检验设备
800,1,4000,1603100000,固定资产-减值准备-其他设备,固定资产-减值准备-其他设备,固定资产-减值准备-其他设备
800,1,4000,1603110000,固定资产-减值准备-辅助专用设备,固定资产-减值准备-辅助专用设备,固定资产-减值准备-辅助专用设备
800,1,4000,1603120000,固定资产-减值准备-冰柜资产(删除),固定资产-减值准备-冰柜资产(删除),固定资产-减值准备-冰柜资产(删除)
800,1,4000,1604000000,在建工程,在建工程,在建工程
800,1,4000,1605010000,工程物资-专用材料(删除),工程物资-专用材料(删除),工程物资-专用材料(删除)
800,1,4000,1605020000,工程物资-专用设备(删除),工程物资-专用设备(删除),工程物资-专用设备(删除)
800,1,4000,1605030000,工程物资-为生产准备的工器具(标记删除),工程物资-为生产准备的工器具( 标记删除),工程物资-为生产准备的工器具( 标记删除)
800,1,4000,1606000000,固定资产清理,固定资产清理,固定资产清理
800,1,4000,1607000000,在建工程减值准备,在建工程减值准备,在建工程减值准备
800,1,4000,1608000000,工程物资减值准备,工程物资减值准备,工程物资减值准备
800,1,4000,1621010000,未成熟生产性生物资产,未成熟生产性生物资产,未成熟生产性生物资产
800,1,4000,1621020000,成熟生产性生物资产,成熟生产性生物资产,成熟生产性生物资产
800,1,4000,1622000000,生产性生物资产累计折旧,生产性生物资产累计折旧,生产性生物资产累计折旧
800,1,4000,1624000000,生产性生物资产减值准备,生产性生物资产减值准备,生产性生物资产减值准备
800,1,4000,1701010000,无形资产-专利权,无形资产-专利权,无形资产-专利权
800,1,4000,1701020000,无形资产-非专利技术,无形资产-非专利技术,无形资产-非专利技术
800,1,4000,1701030000,无形资产-商标权,无形资产-商标权,无形资产-商标权
800,1,4000,1701040000,无形资产-著作权,无形资产-著作权,无形资产-著作权
800,1,4000,1701050000,无形资产-土地使用权,无形资产-土地使用权,无形资产-土地使用权
800,1,4000,1701060000,无形资产-特许经营权,无形资产-特许经营权,无形资产-特许经营权
800,1,4000,1701070000,无形资产-软件,无形资产-软件,无形资产-软件
800,1,4000,1702010000,累计摊销-专利权,累计摊销-专利权,累计摊销-专利权
800,1,4000,1702020000,累计摊销-非专利技术,累计摊销-非专利技术,累计摊销-非专利技术
800,1,4000,1702030000,累计摊销-商标权,累计摊销-商标权,累计摊销-商标权
800,1,4000,1702040000,累计摊销-著作权,累计摊销-著作权,累计摊销-著作权
800,1,4000,1702050000,累计摊销-土地使用权,累计摊销-土地使用权,累计摊销-土地使用权
800,1,4000,1702060000,累计摊销-特许经营权,累计摊销-特许经营权,累计摊销-特许经营权
800,1,4000,1702070000,累计摊销-软件,累计摊销-软件,累计摊销-软件
800,1,4000,1703000000,无形资产减值准备(删除),无形资产减值准备(删除),无形资产减值准备(删除)
800,1,4000,1703010000,无形资产-减值准备-专利权,无形资产-减值准备-专利权,无形资产-减值准备-专利权
800,1,4000,1703020000,无形资产-减值准备-非专利技术,无形资产-减值准备-非专利技术,无形资产-减值准备-非专利技术
800,1,4000,1703030000,无形资产-减值准备-商标权,无形资产-减值准备-商标权,无形资产-减值准备-商标权
800,1,4000,1703040000,无形资产-减值准备-著作权,无形资产-减值准备-著作权,无形资产-减值准备-著作权
800,1,4000,1703050000,无形资产-减值准备-土地使用权,无形资产-减值准备-土地使用权,无形资产-减值准备-土地使用权
800,1,4000,1703060000,无形资产-减值准备-特许经营权,无形资产-减值准备-特许经营权,无形资产-减值准备-特许经营权
800,1,4000,1703070000,无形资产-减值准备-软件,无形资产-减值准备-软件,无形资产-减值准备-软件
800,1,4000,1711000000,商誉,商誉,商誉
800,1,4000,1801010000,长期待摊费用-装修及转让费,长期待摊费用-装修及转让费,长期待摊费用-装修及转让费
800,1,4000,1801020000,长期待摊费用-水电使用权(删除),长期待摊费用-水电使用权(删除),长期待摊费用-水电使用权(删除)
800,1,4000,1801030000,长期待摊费用-享你商标使用权(删除),长期待摊费用-享你商标使用权(删除),长期待摊费用-享你商标使用权(删除)
800,1,4000,1801040000,长期待摊费用-土地租金,长期待摊费用-土地租金,长期待摊费用-土地租金
800,1,4000,1801050000,长期待摊费用-云牧场(删除),长期待摊费用-云牧场(删除),长期待摊费用-云牧场(删除)
800,1,4000,1801060000,长期待摊费用,长期待摊费用,长期待摊费用
800,1,4000,1811000000,递延所得税资产-其他,递延所得税资产-其他,递延所得税资产-其他
800,1,4000,1811010000,递延所得税资产-坏账准备-应收账款,递延所得税资产-坏账准备-应收账款,递延所得税资产-坏账准备-应收账款
800,1,4000,1811020000,递延所得税资产-坏账准备-其他应收款,递延所得税资产-坏账准备-其他应收款,递延所得税资产-坏账准备-其他应收款
800,1,4000,1811030000,递延所得税资产-固定资产减值准备,递延所得税资产-固定资产减值准备,递延所得税资产-固定资产减值准备
800,1,4000,1811040000,递延所得税资产-无形资产减值准备,递延所得税资产-无形资产减值准备,递延所得税资产-无形资产减值准备
800,1,4000,1811050000,递延所得税资产-存货跌价准备,递延所得税资产-存货跌价准备,递延所得税资产-存货跌价准备
800,1,4000,1811060000,递延所得税资产-可税前弥补亏损,递延所得税资产-可税前弥补亏损,递延所得税资产-可税前弥补亏损
800,1,4000,1811070000,递延所得税资产-租赁负债,递延所得税资产-租赁负债,递延所得税资产-租赁负债
800,1,4000,1811080000,递延所得税资产-投资性房地产减值准备,递延所得税资产-投资性房地产减值准备,递延所得税资产-投资性房地产减值准备
800,1,4000,1811090000,递延所得税资产-工程物资减值准备,递延所得税资产-工程物资减值准备,递延所得税资产-工程物资减值准备
800,1,4000,1811100000,备用,备用,备用
800,1,4000,1901010000,待处理财产损溢-待处理流动资产损溢,待处理财产损溢-待处理流动资产损溢,待处理财产损溢-待处理流动资产损溢
800,1,4000,1901020000,待处理财产损溢-待处理固定资产损溢,待处理财产损溢-待处理固定资产损溢,待处理财产损溢-待处理固定资产损溢
800,1,4000,2001000000,短期借款,短期借款,短期借款
800,1,4000,2001999999,短期借款-外币评估调整,短期借款-外币评估调整,短期借款-外币评估调整
800,1,4000,2101010000,交易性金融负债-成本,交易性金融负债-成本,交易性金融负债-成本
800,1,4000,2101020000,交易性金融负债-公允价值变动,交易性金融负债-公允价值变动,交易性金融负债-公允价值变动
800,1,4000,2201010000,应付票据-商业承兑汇票,应付票据-商业承兑汇票,应付票据-商业承兑汇票
800,1,4000,2201020000,应付票据-银行承兑汇票,应付票据-银行承兑汇票,应付票据-银行承兑汇票
800,1,4000,2201030000,应付票据-国内信用证,应付票据-国内信用证,应付票据-国内信用证
800,1,4000,2201999999,应付票据-外币评估调整,应付票据-外币评估调整,应付票据-外币评估调整
800,1,4000,2202010000,应付账款-应付货款,应付账款-应付货款,应付账款-应付货款
800,1,4000,2202020000,应付账款-供应商保证金(删除),应付账款-供应商保证金(删除),应付账款-供应商保证金(删除)
800,1,4000,2202030100,应付账款-暂估GR/IR,应付账款-暂估GR/IR,应付账款-暂估GR/IR
800,1,4000,2202030200,应付账款-暂估(手工)(删除),应付账款-暂估(手工)(删除),应付账款-暂估(手工)(删除)
800,1,4000,2202040000,内部往来-负债,内部往来-负债,内部往来-负债
800,1,4000,2202999998,应付账款重分类调整,应付账款重分类调整,应付账款重分类调整
800,1,4000,2202999999,应付账款-外币评估调整,应付账款-外币评估调整,应付账款-外币评估调整
800,1,4000,2203010000,预收账款-预收货款,预收账款-预收货款,预收账款-预收货款
800,1,4000,2203020000,预收账款-展示柜押金(删除),预收账款-展示柜押金(删除),预收账款-展示柜押金(删除)
800,1,4000,2203030000,预收账款-热饮机押金(删除),预收账款-热饮机押金(删除),预收账款-热饮机押金(删除)
800,1,4000,2203999998,预收账款重分类调整,预收账款重分类调整,预收账款重分类调整
800,1,4000,2203999999,预收账款-外币评估调整,预收账款-外币评估调整,预收账款-外币评估调整
800,1,4000,2204010000,租赁负债,租赁负债,租赁负债
800,1,4000,2204020000,租赁负债-租赁付款额,租赁负债-租赁付款额,租赁负债-租赁付款额
800,1,4000,2204030000,租赁负债-未确认融资费用,租赁负债-未确认融资费用,租赁负债-未确认融资费用
800,1,4000,2211010000,应付职工薪酬-短期薪酬-工资,应付职工薪酬-短期薪酬-工资,应付职工薪酬-短期薪酬-工资
800,1,4000,2211010100,应付职工薪酬-短期薪酬-工资-计时工资,应付职工薪酬-短期薪酬-工资-计时工资,应付职工薪酬-短期薪酬-工资-计时工资
800,1,4000,2211010200,应付职工薪酬-短期薪酬-工资-计件工资,应付职工薪酬-短期薪酬-工资-计件工资,应付职工薪酬-短期薪酬-工资-计件工资
800,1,4000,2211020000,应付职工薪酬-短期薪酬-职工福利费,应付职工薪酬-短期薪酬-职工福利费,应付职工薪酬-短期薪酬-职工福利费
800,1,4000,2211030100,短期薪酬-社会保险费-基本医疗保险费,应付职工薪酬-短期薪酬-社会保险费-基本医疗保险费,应付职工薪酬-短期薪酬-社会保险费-基本医疗保险费
800,1,4000,2211030200,短期薪酬-社会保险费-基本养老保险费,应付职工薪酬-短期薪酬-社会保险费-基本养老保险费,应付职工薪酬-短期薪酬-社会保险费-基本养老保险费
800,1,4000,2211030300,短期薪酬-社会保险费-年金缴费,应付职工薪酬-短期薪酬-社会保险费-年金缴费,应付职工薪酬-短期薪酬-社会保险费-年金缴费
800,1,4000,2211030400,短期薪酬-社会保险费-失业保险费,应付职工薪酬-短期薪酬-社会保险费-失业保险费,应付职工薪酬-短期薪酬-社会保险费-失业保险费
800,1,4000,2211030500,短期薪酬-社会保险费-工伤保险费,应付职工薪酬-短期薪酬-社会保险费-工伤保险费,应付职工薪酬-短期薪酬-社会保险费-工伤保险费
800,1,4000,2211030600,短期薪酬-社会保险费-生育保险费,应付职工薪酬-短期薪酬-社会保险费-生育保险费,应付职工薪酬-短期薪酬-社会保险费-生育保险费
800,1,4000,2211039900,短期薪酬-社会保险费-综合保险费,应付职工薪酬-短期薪酬-社会保险费-综合保险费,应付职工薪酬-短期薪酬-社会保险费-综合保险费
800,1,4000,2211040000,应付职工薪酬-短期薪酬-住房公积金,应付职工薪酬-短期薪酬-住房公积金,应付职工薪酬-短期薪酬-住房公积金
800,1,4000,2211050000,应付职工薪酬-短期薪酬-工会经费,应付职工薪酬-短期薪酬-工会经费,应付职工薪酬-短期薪酬-工会经费
800,1,4000,2211060000,应付职工薪酬-短期薪酬-职工教育经费,应付职工薪酬-短期薪酬-职工教育经费,应付职工薪酬-短期薪酬-职工教育经费
800,1,4000,2211070100,短期薪酬-非货币性福利-自产品发放,应付职工薪酬-短期薪酬-非货币性福利-自产品发放,应付职工薪酬-短期薪酬-非货币性福利-自产品发放
800,1,4000,2211070200,短期薪酬-非货币性福利-外购商品发放,应付职工薪酬-短期薪酬-非货币性福利-外购商品发放,应付职工薪酬-短期薪酬-非货币性福利-外购商品发放
800,1,4000,2211070300,短期薪酬-非货币性福利-无偿使用固定资产,应付职工薪酬-短期薪酬-非货币性福利-无偿使用的固定资产折旧,应付职工薪酬-短期薪酬-非货币性福利-无偿使用的固
800,1,4000,2211070400,短期薪酬-非货币福利-其他,应付职工薪酬-短期薪酬-非货币福利-其他,应付职工薪酬-短期薪酬-非货币福利-其他
800,1,4000,2211080000,应付职工薪酬-辞退福利,应付职工薪酬-辞退福利,应付职工薪酬-辞退福利
800,1,4000,2211090000,应付职工薪酬-短期薪酬-短期带薪缺勤,应付职工薪酬-短期薪酬-短期带薪缺勤,应付职工薪酬-短期薪酬-短期带薪缺勤
800,1,4000,2211100000,应付职工薪酬-短期薪酬-短期利润分享计划,应付职工薪酬-短期薪酬-短期利润分享计划,应付职工薪酬-短期薪酬-短期利润分享计划
800,1,4000,2211110000,应付职工薪酬-短期薪酬-其他短期薪酬,应付职工薪酬-短期薪酬-其他短期薪酬,应付职工薪酬-短期薪酬-其他短期薪酬
800,1,4000,2211120100,离职后福利-设定提存计划-基本养老保险费,应付职工薪酬-离职后福利-设定提存计划-基本养老保险费,应付职工薪酬-离职后福利-设定提存计划-基本养老保
800,1,4000,2211120200,离职后福利-设定提存计划-失业保险费,应付职工薪酬-离职后福利-设定提存计划-失业保险费,应付职工薪酬-离职后福利-设定提存计划-失业保险费
800,1,4000,2211120300,离职后福利-设定提存计划-年金,应付职工薪酬-离职后福利-设定提存计划-年金,应付职工薪酬-离职后福利-设定提存计划-年金
800,1,4000,2211120400,离职后福利-设定受益计划,应付职工薪酬-离职后福利-设定受益计划,应付职工薪酬-离职后福利-设定受益计划
800,1,4000,2211130100,其他长期职工福利-长期带薪缺勤薪,应付职工薪酬-其他长期职工福利-长期带薪缺勤,应付职工薪酬-其他长期职工福利-长期带薪缺勤
800,1,4000,2211130200,其他长期职工福利-长期残疾福利,应付职工薪酬-其他长期职工福利-长期残疾福利,应付职工薪酬-其他长期职工福利-长期残疾福利
800,1,4000,2211130300,其他长期职工福利-长期利润分享计划,应付职工薪酬-其他长期职工福利-长期利润分享计划,应付职工薪酬-其他长期职工福利-长期利润分享计划
800,1,4000,2211500000,应付职工薪酬-其他（删除）,应付职工薪酬-其他（删除）,应付职工薪酬-其他（删除）
800,1,4000,2221010000,应交税费-应交企业所得税,应交税费-应交企业所得税,应交税费-应交企业所得税
800,1,4000,2221020000,应交税费-应交个人所得税,应交税费-应交个人所得税,应交税费-应交个人所得税
800,1,4000,2221030101,应交税费-应交增值税-进项税额（17%）,应交税费-应交增值税-进项税额（17%）,应交税费-应交增值税-进项税额（17%）
800,1,4000,2221030102,应交税费-应交增值税-进项税额（13%）,应交税费-应交增值税-进项税额（13%）,应交税费-应交增值税-进项税额（13%）
800,1,4000,2221030103,应交税费-应交增值税-进项税额（7%）,应交税费-应交增值税-进项税额（7%）,应交税费-应交增值税-进项税额（7%）
800,1,4000,2221030104,应交税费-应交增值税-进项税额（6%）,应交税费-应交增值税-进项税额（6%）,应交税费-应交增值税-进项税额（6%）
800,1,4000,2221030105,应交税费-应交增值税-进项税额（4%）,应交税费-应交增值税-进项税额（4%）（禁用）,应交税费-应交增值税-进项税额（4%）（禁用）
800,1,4000,2221030106,应交税费-应交增值税-进项税额（3%）,应交税费-应交增值税-进项税额（3%）,应交税费-应交增值税-进项税额（3%）
800,1,4000,2221030107,应交税费-应交增值税-进项税额（11%）,应交税费-应交增值税-进项税额（11%）,应交税费-应交增值税-进项税额（11%）
800,1,4000,2221030108,应交税费-应交增值税-进项税额（5%）,应交税费-应交增值税-进项税额（5%）,应交税费-应交增值税-进项税额（5%）
800,1,4000,2221030109,应交税费-应交增值税-进项税额（10%）,应交税费-应交增值税-进项税额（10%）,应交税费-应交增值税-进项税额（10%）
800,1,4000,2221030110,应交税费-应交增值税-进项税额（16%）,应交税费-应交增值税-进项税额（16%）,应交税费-应交增值税-进项税额（16%）
800,1,4000,2221030111,应交税费-应交增值税-进项税额（9%）,应交税费-应交增值税-进项税额（9%）,应交税费-应交增值税-进项税额（9%）
800,1,4000,2221030112,应交税费-应交增值税进项税-交通费9%,应交税费-应交增值税进项税-交通费计算抵扣（9%）,应交税费-应交增值税进项税-交通费计算抵扣（9%）
800,1,4000,2221030113,应交税费-应交增值税进项税-交通费3%,应交税费-应交增值税进项税-交通费计算抵扣（3%）,应交税费-应交增值税进项税-交通费计算抵扣（3%）
800,1,4000,2221030201,应交税费-应交增值税-销项税额（17%）,应交税费-应交增值税-销项税额（17%）,应交税费-应交增值税-销项税额（17%）
800,1,4000,2221030202,应交税费-应交增值税-销项税额（13%）,应交税费-应交增值税-销项税额（13%）,应交税费-应交增值税-销项税额（13%）
800,1,4000,2221030203,应交税费-应交增值税-销项税额（4%）,应交税费-应交增值税-销项税额（4%）,应交税费-应交增值税-销项税额（4%）
800,1,4000,2221030204,应交税费-应交增值税-销项税额（6%）,应交税费-应交增值税-销项税额（6%）,应交税费-应交增值税-销项税额（6%）
800,1,4000,2221030205,应交税费-应交增值税-销项税额（3%）,应交税费-应交增值税-销项税额（3%）,应交税费-应交增值税-销项税额（3%）
800,1,4000,2221030206,应交税费-应交增值税-销项税额（11%）,应交税费-应交增值税-销项税额（11%）,应交税费-应交增值税-销项税额（11%）
800,1,4000,2221030207,应交税费-应交增值税-销项税额（5%）,应交税费-应交增值税-销项税额（5%）,应交税费-应交增值税-销项税额（5%）
800,1,4000,2221030208,应交税费-应交增值税-销项税额（16%）,应交税费-应交增值税-销项税额（16%）,应交税费-应交增值税-销项税额（16%）
800,1,4000,2221030209,应交税费-应交增值税-销项税额（10%）,应交税费-应交增值税-销项税额（10%）,应交税费-应交增值税-销项税额（10%）
800,1,4000,2221030210,应交税费-应交增值税-销项税额（9%）,应交税费-应交增值税-销项税额（9%）,应交税费-应交增值税-销项税额（9%）
800,1,4000,2221030211,应交税费-应交增值税-销项税额（1%）,应交税费-应交增值税-销项税额（1%）,应交税费-应交增值税-销项税额（1%）
800,1,4000,2221030300,应交税费-应交增值税（已交税金）,应交税费-应交增值税（已交税金）,应交税费-应交增值税（已交税金）
800,1,4000,2221030400,应交税费-应交增值税（转出未交增值税）,应交税费-应交增值税（转出未交增值税）,应交税费-应交增值税（转出未交增值税）
800,1,4000,2221030500,应交税费-应交增值税（转出多交增值税）,应交税费-应交增值税（转出多交增值税）,应交税费-应交增值税（转出多交增值税）
800,1,4000,2221030600,应交税费-应交增值税（进项税额转出）,应交税费-应交增值税（进项税额转出）,应交税费-应交增值税（进项税额转出）
800,1,4000,2221030700,应交税费-应交增值税（减免税款）,应交税费-应交增值税（减免税款）,应交税费-应交增值税（减免税款）
800,1,4000,2221030800,应交税费-应交增值税（出口抵减内销产品应,应交税费-应交增值税（出口抵减内销产品应纳税额）,应交税费-应交增值税（出口抵减内销产品应纳税额）
800,1,4000,2221030900,应交税费-应交增值税（出口退税）,应交税费-应交增值税（出口退税）,应交税费-应交增值税（出口退税）
800,1,4000,2221031000,应交税费-应交增值税（小规模纳税人）,应交税费-应交增值税（小规模纳税人）,应交税费-应交增值税（小规模纳税人）
800,1,4000,2221040000,应交税费-未交增值税,应交税费-未交增值税,应交税费-未交增值税
800,1,4000,2221050000,应交税费-应交营业税(删除),应交税费-应交营业税(删除),应交税费-应交营业税(删除)
800,1,4000,2221060000,应交税费-应交城市维护建设税,应交税费-应交城市维护建设税,应交税费-应交城市维护建设税
800,1,4000,2221070000,应交税费-应交车船使用税,应交税费-应交车船使用税,应交税费-应交车船使用税
800,1,4000,2221080000,应交税费-应交房产税,应交税费-应交房产税,应交税费-应交房产税
800,1,4000,2221090000,应交税费-应交土地使用税,应交税费-应交土地使用税,应交税费-应交土地使用税
800,1,4000,2221100000,应交税费-应交土地增值税,应交税费-应交土地增值税,应交税费-应交土地增值税
800,1,4000,2221110000,应交税费-教育费附加,应交税费-教育费附加,应交税费-教育费附加
800,1,4000,2221120000,应交税费-地方教育费附加,应交税费-地方教育费附加,应交税费-地方教育费附加
800,1,4000,2221130000,应交税费-副食品调控基金(删除),应交税费-副食品调控基金(删除),应交税费-副食品调控基金(删除)
800,1,4000,2221140000,应交税费-水利基金,应交税费-水利基金,应交税费-水利基金
800,1,4000,2221150000,应交税费-印花税,应交税费-印花税,应交税费-印花税
800,1,4000,2221160000,应交税费-残疾人保障金,应交税费-残疾人保障金,应交税费-残疾人保障金
800,1,4000,2221170000,应交税费-契税,应交税费-契税,应交税费-契税
800,1,4000,2221180000,应交税费-市场物价调节基金(删除),应交税费-市场物价调节基金(删除),应交税费-市场物价调节基金(删除)
800,1,4000,2221190000,应交税费-防洪保安基金(删除),应交税费-防洪保安基金(删除),应交税费-防洪保安基金(删除)
800,1,4000,2221200000,应交税费-河道维护费(删除),应交税费-河道维护费(删除),应交税费-河道维护费(删除)
800,1,4000,2221210000,应交税费-人防建设基金(删除),应交税费-人防建设基金(删除),应交税费-人防建设基金(删除)
800,1,4000,2221220000,应交税费-代扣税金,应交税费-代扣税金,应交税费-代扣税金
800,1,4000,2221230000,应交税费-待抵扣进项税额-不动产进项税额,应交税费-待抵扣进项税额-不动产进项税额,应交税费-待抵扣进项税额-不动产进项税额
800,1,4000,2221240000,应交税费-应交资源税-应交水资源税,应交税费-应交资源税-应交水资源税,应交税费-应交资源税-应交水资源税
800,1,4000,2221250000,应交税费-应交环境保护税,应交税费-应交环境保护税,应交税费-应交环境保护税
800,1,4000,2221300000,应交税费-关税,应交税费-关税,应交税费-关税
800,1,4000,2221310000,应交税费-简易计税,应交税费-简易计税,应交税费-简易计税
800,1,4000,2221320000,应交税费-应交文化事业建设税,应交税费-应交文化事业建设税,应交税费-应交文化事业建设税
800,1,4000,2221990000,应交税费-其他,应交税费-其他,应交税费-其他
800,1,4000,2231000000,应付利息,应付利息,应付利息
800,1,4000,2231999999,应付利息-外币评估调整,应付利息-外币评估调整,应付利息-外币评估调整
800,1,4000,2232000000,应付股利,应付股利,应付股利
800,1,4000,2241010000,其他应付款-员工,其他应付款-员工,其他应付款-员工
800,1,4000,2241020000,其他应付款-专项经费(删除),其他应付款-专项经费(删除),其他应付款-专项经费(删除)
800,1,4000,2241030000,其他应付款-送奶员押金,其他应付款-送奶员押金,其他应付款-送奶员押金
800,1,4000,2241040000,其他应付款-内部往来,其他应付款-内部往来,其他应付款-内部往来
800,1,4000,2241050000,其他应付款-专项资金,其他应付款-专项资金,其他应付款-专项资金
800,1,4000,2241060000,其他应付款-养餐配送保证金,其他应付款-养餐配送保证金,其他应付款-养餐配送保证金
800,1,4000,2241070000,其他应付款-其他,其他应付款-其他,其他应付款-其他
800,1,4000,2241080000,其他应付款-考核基金,其他应付款-考核基金,其他应付款-考核基金
800,1,4000,2241090000,其他应付款-保证金,其他应付款-保证金,其他应付款-保证金
800,1,4000,2241100000,其他应付款-待抵税金,其他应付款-待抵税金,其他应付款-待抵税金
800,1,4000,2241110000,其他应付款-牛奶钱包(删除),其他应付款-牛奶钱包(删除),其他应付款-牛奶钱包(删除)
800,1,4000,2241111000,删除备用,删除备用,删除备用
800,1,4000,2241120000,其他应付款-租赁,其他应付款-租赁,其他应付款-租赁
800,1,4000,2241130000,其他应付款-鲜活go钱包(删除),其他应付款-鲜活go钱包(删除),其他应付款-鲜活GO钱包(删除)
800,1,4000,2241140000,其他应付款-工程设备质保金,其他应付款-工程设备质保金,其他应付款-工程设备质保金
800,1,4000,2241999997,其他应付款-代收运费(删除),其他应付款-代收运费(删除),其他应付款-代收运费(删除)
800,1,4000,2241999998,其他应付款重分类调整,其他应付款重分类调整,其他应付款重分类调整
800,1,4000,2241999999,其他应付款-外币评估调整,其他应付款-外币评估调整,其他应付款-外币评估调整
800,1,4000,2401000000,递延收益-政府补助,递延收益-政府补助,递延收益-政府补助
800,1,4000,2401010000,递延收益-未实现售后租回损益(删除),递延收益-未实现售后租回损益(删除),递延收益-未实现售后租回损益(删除)
800,1,4000,2501000000,长期借款,长期借款,长期借款
800,1,4000,2502010000,应付债券-面值,应付债券-面值,应付债券-面值
800,1,4000,2502020000,应付债券-利息调整,应付债券-利息调整,应付债券-利息调整
800,1,4000,2502030000,应付债券-应计利息,应付债券-应计利息,应付债券-应计利息
800,1,4000,2701000000,长期应付款,长期应付款,长期应付款
800,1,4000,2702000000,未确认融资费用,未确认融资费用,未确认融资费用
800,1,4000,2711000000,专项应付款(删除),专项应付款(删除),专项应付款(删除)
800,1,4000,2801010000,预计负债-对外担保,预计负债-对外担保,预计负债-对外担保
800,1,4000,2801020000,预计负债-未诀诉讼,预计负债-未诀诉讼,预计负债-未诀诉讼
800,1,4000,2801030000,预计负债-重组业务,预计负债-重组业务,预计负债-重组业务
800,1,4000,2801040000,预计负债-亏损性合同,预计负债-亏损性合同,预计负债-亏损性合同
800,1,4000,2801990000,预计负债-其他,预计负债-其他,预计负债-其他
800,1,4000,2802000000,持有待售负债,持有待售负债,持有待售负债
800,1,4000,2901000000,递延所得税负债-评估增值,递延所得税负债-评估增值,递延所得税负债-评估增值
800,1,4000,2901010000,递延所得税负债-使用权资产,递延所得税负债-使用权资产,递延所得税负债-使用权资产
800,1,4000,4001000000,实收资本（股本）,实收资本（股本）,实收资本（股本）
800,1,4000,4002010000,资本公积-资本（股本）溢价,资本公积-资本（股本）溢价,资本公积-资本（股本）溢价
800,1,4000,4002020000,资本公积-其他资本公积,资本公积-其他资本公积,资本公积-其他资本公积
800,1,4000,4003000000,其他综合收益,其他综合收益,其他综合收益
800,1,4000,4101010000,盈余公积-法定盈余公积,盈余公积-法定盈余公积,盈余公积-法定盈余公积
800,1,4000,4101020000,盈余公积-任意盈余公积,盈余公积-任意盈余公积,盈余公积-任意盈余公积
800,1,4000,4101030000,盈余公积-企业发展基金,盈余公积-企业发展基金,盈余公积-企业发展基金
800,1,4000,4101040000,盈余公积-储备基金,盈余公积-储备基金,盈余公积-储备基金
800,1,4000,4101050000,盈余公积-利润归还投资,盈余公积-利润归还投资,盈余公积-利润归还投资
800,1,4000,4101060000,盈余公积-职工奖励及福利基金(删除）,盈余公积-职工奖励及福利基金（删除）,盈余公积-职工奖励及福利基金（删除）
800,1,4000,4102000000,一般风险准备(删除),一般风险准备(删除),一般风险准备(删除)
800,1,4000,4103000000,本年利润(删除),本年利润(删除),本年利润(删除)
800,1,4000,4104010000,利润分配-提取法定盈余公积,利润分配-提取法定盈余公积,利润分配-提取法定盈余公积
800,1,4000,4104020000,利润分配-提取任意盈余公积,利润分配-提取任意盈余公积,利润分配-提取任意盈余公积
800,1,4000,4104030000,利润分配-盈余公积补亏,利润分配-盈余公积补亏,利润分配-盈余公积补亏
800,1,4000,4104040000,利润分配-应付现金股利或利润,利润分配-应付现金股利或利润,利润分配-应付现金股利或利润
800,1,4000,4104050000,利润分配-转作股本的股利,利润分配-转作股本的股利,利润分配-转作股本的股利
800,1,4000,4104060000,利润分配-提取储备基金,利润分配-提取储备基金,利润分配-提取储备基金
800,1,4000,4104070000,利润分配-提取企业发展基金,利润分配-提取企业发展基金,利润分配-提取企业发展基金
800,1,4000,4104080000,利润分配-未分配利润,利润分配-未分配利润,利润分配-未分配利润
800,1,4000,4104090000,利润分配-提取职工奖励及福利基金(删除),利润分配-提取职工奖励及福利基金(删除),利润分配-提取职工奖励及福利基金(删除)
800,1,4000,4104100000,利润分配-利润归还投资,利润分配-利润归还投资,利润分配-利润归还投资
800,1,4000,4104110000,利润分配-其他,利润分配-其他,利润分配-其他
800,1,4000,4201000000,库存股,库存股,库存股
800,1,4000,4401000000,其他权益工具,其他权益工具,其他权益工具
800,1,4000,5001010000,生产成本-原辅料,生产成本-原辅料,生产成本-原辅料
800,1,4000,5001020000,生产成本-包装物,生产成本-包装物,生产成本-包装物
800,1,4000,5001030000,生产成本-成品,生产成本-成品,生产成本-成品
800,1,4000,5001040000,生产成本-半成品,生产成本-半成品,生产成本-半成品
800,1,4000,5001050000,生产成本-制造费用转入(删除),生产成本-制造费用转入(删除),生产成本-制造费用转入(删除)
800,1,4000,5001060000,生产成本-其他(删除),生产成本-其他(删除),生产成本-其他(删除)
800,1,4000,5002010000,农业生产成本-原辅料,农业生产成本-原辅料,农业生产成本-原辅料
800,1,4000,5002030000,农业生产成本-成品,农业生产成本-成品,农业生产成本-成品
800,1,4000,5002040000,农业生产成本-制造费转入,农业生产成本-制造费转入,农业生产成本-制造费转入
800,1,4000,5003000000,开发成本(删除),开发成本(删除),开发成本(删除)
800,1,4000,5201000000,劳务成本(删除),劳务成本(删除),劳务成本(删除)
800,1,4000,5301010000,研发支出-费用化支出(删除),研发支出-费用化支出(删除),研发支出-费用化支出(删除)
800,1,4000,5301020000,删除,删除,删除
800,1,4000,5301030000,研发支出-资本化支出(删除),研发支出-资本化支出(删除),研发支出-资本化支出(删除)
800,1,4000,6001000000,主营业务收入,主营业务收入,主营业务收入
800,1,4000,6051010000,其他业务收入-废旧物资收入,其他业务收入-废旧物资收入,其他业务收入-废旧物资收入
800,1,4000,6051020000,其他业务收入-淘汰消耗性生物资产收入,其他业务收入-淘汰消耗性生物资产收入,其他业务收入-淘汰消耗性生物资产收入
800,1,4000,6051030000,其他业务收入-销售材料收入,其他业务收入-销售材料收入,其他业务收入-销售材料收入
800,1,4000,6051040000,其他业务收入-运货车返空带货收入,其他业务收入-运货车返空带货收入,其他业务收入-运货车返空带货收入
800,1,4000,6051050000,其他业务收入-受托代销商品手续费,其他业务收入-受托代销商品手续费,其他业务收入-受托代销商品手续费
800,1,4000,6051060000,其他业务收入-投资性房地产租金及处置收入,其他业务收入-投资性房地产租金及处置收入,其他业务收入-投资性房地产租金及处置收入
800,1,4000,6051070000,其他业务收入-出租固定资产,其他业务收入-出租固定资产,其他业务收入-出租固定资产
800,1,4000,6051080000,其他业务收入-出租无形资产,其他业务收入-出租无形资产,其他业务收入-出租无形资产
800,1,4000,6051090000,其他业务收入-出租包装物和商品,其他业务收入-出租包装物和商品,其他业务收入-出租包装物和商品
800,1,4000,6051100000,其他业务收入－委托贷款利息收入,其他业务收入－委托贷款利息收入,其他业务收入－委托贷款利息收入
800,1,4000,6051110000,其他业务收入-牛粪收入,其他业务收入-牛粪收入,其他业务收入-牛粪收入
800,1,4000,6051120000,其他业务收入-营养餐配餐收入,其他业务收入-营养餐配餐收入,其他业务收入-营养餐配餐收入
800,1,4000,6051130000,其他业务收入-代工收入,其他业务收入-代工收入,其他业务收入-代工收入
800,1,4000,6051140000,其他业务收入-非乳制品销售收入,其他业务收入-非乳制品销售收入,其他业务收入-非乳制品销售收入
800,1,4000,6051990000,其他业务收入-其他,其他业务收入-其他,其他业务收入-其他
800,1,4000,6101000000,公允价值变动损益,公允价值变动损益,公允价值变动损益
800,1,4000,6111000000,投资收益-其他,投资收益-其他,投资收益-其他
800,1,4000,6111010000,投资收益-成本法核算的长期股权投资收益,投资收益-成本法核算的长期股权投资收益,投资收益-成本法核算的长期股权投资收益
800,1,4000,6111020000,投资收益-权益法核算的长期股权投资收益,投资收益-权益法核算的长期股权投资收益,投资收益-权益法核算的长期股权投资收益
800,1,4000,6111030000,投资收益-处置交易性金融资产取得的投资收,投资收益-处置交易性金融资产取得的投资收益,投资收益-处置交易性金融资产取得的投资收益
800,1,4000,6301010000,营业外收入-罚没收入,营业外收入-罚没收入,营业外收入-罚没收入
800,1,4000,6301020000,营业外收入-非流动资产处置利得,营业外收入-非流动资产处置利得,营业外收入-非流动资产处置利得
800,1,4000,6301030000,营业外收入-盘盈利得,营业外收入-盘盈利得,营业外收入-盘盈利得
800,1,4000,6301040000,营业外收入-非货币性资产交换利得,营业外收入-非货币性资产交换利得,营业外收入-非货币性资产交换利得
800,1,4000,6301050000,营业外收入-债务重组利得,营业外收入-债务重组利得,营业外收入-债务重组利得
800,1,4000,6301060000,营业外收入-捐赠利得,营业外收入-捐赠利得,营业外收入-捐赠利得
800,1,4000,6301070000,营业外收入-政府补助,营业外收入-政府补助,营业外收入-政府补助
800,1,4000,6301990000,营业外收入-其他,营业外收入-其他,营业外收入-其他
800,1,4000,6401000000,主营业务成本,主营业务成本,主营业务成本
800,1,4000,6402010000,其他业务成本-淘汰消耗性生物资产成本,其他业务成本-淘汰消耗性生物资产成本,其他业务成本-淘汰消耗性生物资产成本
800,1,4000,6402020000,其他业务成本-材料销售成本,其他业务成本-材料销售成本,其他业务成本-材料销售成本
800,1,4000,6402030000,其他业务成本-出租固定资产的折旧额,其他业务成本-出租固定资产的折旧额,其他业务成本-出租固定资产的折旧额
800,1,4000,6402040000,其他业务成本-出租无形资产的摊销额,其他业务成本-出租无形资产的摊销额,其他业务成本-出租无形资产的摊销额
800,1,4000,6402050000,其他业务成本-出租包装物和商品的成本,其他业务成本-出租包装物和商品的成本,其他业务成本-出租包装物和商品的成本
800,1,4000,6402060000,其他业务成本-投资性房地产折旧,其他业务成本-投资性房地产折旧,其他业务成本-投资性房地产折旧
800,1,4000,6402070000,其他业务成本-营养餐配餐成本,其他业务成本-营养餐配餐成本,其他业务成本-营养餐配餐成本
800,1,4000,6402080000,其他业务成本-代工成本,其他业务成本-代工成本,其他业务成本-代工成本
800,1,4000,6402090000,其他业务成本-非乳制品销售成本,其他业务成本-非乳制品销售成本,其他业务成本-非乳制品销售成本
800,1,4000,6402990000,其他业务成本-其他,其他业务成本-其他,其他业务成本-其他
800,1,4000,6405010000,税金及附加,税金及附加,税金及附加
800,1,4000,6405020000,营业税金及附加-其他业务税金及附加（删除,营业税金及附加-其他业务税金及附加（删除）,营业税金及附加-其他业务税金及附加（删除）
800,1,4000,6501010000,营业成本差异(删除),营业成本差异(删除),营业成本差异(删除)
800,1,4000,6501020000,价格重估差异,价格重估差异,价格重估差异
800,1,4000,6501030000,发票校验小数差异,发票校验小数差异,发票校验小数差异
800,1,4000,6501040000,汇率差异(删除),汇率差异(删除),汇率差异(删除)
800,1,4000,6501040100,其他收益-政府补助,其他收益-政府补助,其他收益-政府补助
800,1,4000,6501050000,资产处置收益-固定资产,资产处置收益-固定资产,资产处置收益-固定资产
800,1,4000,6501050100,资产处置收益-生物性资产,资产处置收益-生物性资产,资产处置收益-生物性资产
800,1,4000,6501050200,资产处置收益-使用权资产,资产处置收益-使用权资产,资产处置收益-使用权资产
800,1,4000,6501050300,资产处置收益-无形资产,资产处置收益-无形资产,资产处置收益-无形资产
800,1,4000,6601010100,工资,工资,工资
800,1,4000,6601010200,职工福利,职工福利,职工福利
800,1,4000,6601010300,工会经费,工会经费,工会经费
800,1,4000,6601010400,职工教育经费,职工教育经费,职工教育经费
800,1,4000,6601010501,基本医疗保险费,基本医疗保险费,基本医疗保险费
800,1,4000,6601010502,基本养老保险费,基本养老保险费,基本养老保险费
800,1,4000,6601010503,年金缴费,年金缴费,年金缴费
800,1,4000,6601010504,失业保险费,失业保险费,失业保险费
800,1,4000,6601010505,工伤保险费,工伤保险费,工伤保险费
800,1,4000,6601010506,生育保险费,生育保险费,生育保险费
800,1,4000,6601010507,综合保险费,综合保险费,综合保险费
800,1,4000,6601010600,住房公积金,住房公积金,住房公积金
800,1,4000,6601010700,辞退福利,辞退福利,辞退福利
800,1,4000,6601010800,离职后福利,离职后福利,离职后福利
800,1,4000,6601010900,其他长期职工福利,其他长期职工福利,其他长期职工福利
800,1,4000,6601011000,非货币性福利,非货币性福利,非货币性福利
800,1,4000,6601011100,短期带薪缺勤,短期带薪缺勤,短期带薪缺勤
800,1,4000,6601011200,短期利润分享计划,短期利润分享计划,短期利润分享计划
800,1,4000,6601011300,其他短期薪酬,其他短期薪酬,其他短期薪酬
800,1,4000,6601020000,办公费,办公费,办公费
800,1,4000,6601030000,修理费,修理费,修理费
800,1,4000,6601040000,差旅费,差旅费,差旅费
800,1,4000,6601050100,邮电费-邮寄费,邮电费-邮寄费,邮电费-邮寄费
800,1,4000,6601050200,邮电费-手机费,邮电费-手机费,邮电费-手机费
800,1,4000,6601050300,邮电费-座机费,邮电费-座机费,邮电费-座机费
800,1,4000,6601060000,物料及低值易耗品,物料及低值易耗品,物料及低值易耗品
800,1,4000,6601070000,折旧费,折旧费,折旧费
800,1,4000,6601080101,运输费-油料费,运输费-油料费,运输费-油料费
800,1,4000,6601080102,运输费-过路过桥费,运输费-过路过桥费,运输费-过路过桥费
800,1,4000,6601080103,运输费-洗车费,运输费-洗车费,运输费-洗车费
800,1,4000,6601080104,运输费-停车费,运输费-停车费,运输费-停车费
800,1,4000,6601080105,运输费-修理费,运输费-修理费,运输费-修理费
800,1,4000,6601080106,运输费-出车补助(删除),运输费-出车补助(删除),运输费-出车补助(删除)
800,1,4000,6601080107,运输费-年审费,运输费-年审费,运输费-年审费
800,1,4000,6601080108,运输费-养路费(删除),运输费-养路费(删除),运输费-养路费(删除)
800,1,4000,6601080109,运输费-保险费,运输费-保险费,运输费-保险费
800,1,4000,6601080110,运输费-仓储,运输费-仓储,运输费-仓储
800,1,4000,6601080200,运输费-外部,运输费-外部,运输费-外部
800,1,4000,6601080300,运输费-装卸费,运输费-装卸费,运输费-装卸费
800,1,4000,6601080400,运输费-送奶员费用,运输费-送奶员费用,运输费-送奶员费用
800,1,4000,6601080500,二级物流费(删除),二级物流费(删除),二级物流费(删除)
800,1,4000,6601090100,广告费-咨询设计费,广告费-咨询设计费,广告费-咨询设计费
800,1,4000,6601090200,广告费-电视广告制作费,广告费-电视广告制作费,广告费-电视广告制作费
800,1,4000,6601090300,广告费-央视广告发布费,广告费-央视广告发布费,广告费-央视广告发布费
800,1,4000,6601090400,广告费-地方电视发布费,广告费-地方电视发布费,广告费-地方电视发布费
800,1,4000,6601090500,广告费-报刊、杂志广告及制作费,广告费-报刊、杂志广告及制作费,广告费-报刊、杂志广告及制作费
800,1,4000,6601090600,广告费-灯箱广告及制作费,广告费-灯箱广告及制作费,广告费-灯箱广告及制作费
800,1,4000,6601090700,广告费-车身广告及制作费,广告费-车身广告及制作费,广告费-车身广告及制作费
800,1,4000,6601090800,广告费-站台广告及制作费,广告费-站台广告及制作费,广告费-站台广告及制作费
800,1,4000,6601090900,广告费-广播广告及制作费,广告费-广播广告及制作费,广告费-广播广告及制作费
800,1,4000,6601091000,广告费-分众广告及制作费,广告费-分众广告及制作费,广告费-分众广告及制作费
800,1,4000,6601091100,广告费-卖场广告及制作费,广告费-卖场广告及制作费,广告费-卖场广告及制作费
800,1,4000,6601091200,广告费-车载广告及制作费,广告费-车载广告及制作费,广告费-车载广告及制作费
800,1,4000,6601091300,广告费-形象代言费,广告费-形象代言费,广告费-形象代言费
800,1,4000,6601091400,广告费-网络广告及制作费,广告费-网络广告及制作费,广告费-网络广告及制作费
800,1,4000,6601091500,广告费-户外大牌及制作费,广告费-户外大牌及制作费,广告费-户外大牌及制作费
800,1,4000,6601099700,广告费-语音广告,广告费-语音广告,广告费-语音广告
800,1,4000,6601099900,广告费-其他,广告费-其他,广告费-其他
800,1,4000,6601100100,宣传费-店招门头,宣传费-店招门头,宣传费-店招门头
800,1,4000,6601100200,宣传费-宣传品,宣传费-宣传品,宣传费-宣传品
800,1,4000,6601100300,宣传费-路演,宣传费-路演,宣传费-路演
800,1,4000,6601100400,宣传费-招商展销及制作费,宣传费-招商展销及制作费,宣传费-招商展销及制作费
800,1,4000,6601109900,宣传费-宣传费其他,宣传费-宣传费其他,宣传费-宣传费其他
800,1,4000,6601110000,退料损失费,退料损失费,退料损失费
800,1,4000,6601120000,售后服务费,售后服务费,售后服务费
800,1,4000,6601130100,市场调研费-内部,市场调研费-内部,市场调研费-内部
800,1,4000,6601130200,市场调研费-外部,市场调研费-外部,市场调研费-外部
800,1,4000,6601140101,促销费用-终端促销-促销物料,促销费用-终端促销-促销物料,促销费用-终端促销-促销物料
800,1,4000,6601140102,促销费用-终端促销-促销礼品(删除）,促销费用-终端促销-促销礼品(删除）,促销费用-终端促销-促销礼品(删除）
800,1,4000,6601140103,促销费用-终端促销-品尝,促销费用-终端促销-品尝,促销费用-终端促销-品尝
800,1,4000,6601140104,促销费用-终端促销-变价促销,促销费用-终端促销-变价促销,促销费用-终端促销-变价促销
800,1,4000,6601140105,促销费用-终端促销-临期产品买赠,促销费用-终端促销-临期产品买赠,促销费用-终端促销-临期产品买赠
800,1,4000,6601140106,促销费用-终端促销-买赠,促销费用-终端促销-买赠,促销费用-终端促销-买赠
800,1,4000,6601140107,促销费用-终端促销-促销人员费用,促销费用-终端促销-促销人员费用,促销费用-终端促销-促销人员费用
800,1,4000,6601140108,促销费用-终端促销-临时促销人员费用,促销费用-终端促销-临时促销人员费用,促销费用-终端促销-临时促销人员费用
800,1,4000,6601140199,促销费用-终端促销-其他,促销费用-终端促销-其他,促销费用-终端促销-其他
800,1,4000,6601140201,促销费用-中间促销-有奖及特殊陈列,促销费用-中间促销-有奖及特殊陈列,促销费用-中间促销-有奖及特殊陈列
800,1,4000,6601140202,促销费用-中间促销-条码、进场费,促销费用-中间促销-条码、进场费,促销费用-中间促销-条码、进场费
800,1,4000,6601140203,促销费用-中间促销-节庆、店庆费,促销费用-中间促销-节庆、店庆费,促销费用-中间促销-节庆、店庆费
800,1,4000,6601140204,促销费用-中间促销-管理费,促销费用-中间促销-管理费,促销费用-中间促销-管理费
800,1,4000,6601140205,促销费用-中间促销-返利,促销费用-中间促销-返利,促销费用-中间促销-返利
800,1,4000,6601140206,促销费用-中间促销-劳务费支持,促销费用-中间促销-劳务费支持,促销费用-中间促销-劳务费支持
800,1,4000,6601140207,促销费用-中间促销-坎级促销,促销费用-中间促销-坎级促销,促销费用-中间促销-坎级促销
800,1,4000,6601140299,促销费用-中间促销-其他,促销费用-中间促销-其他,促销费用-中间促销-其他
800,1,4000,6601160100,汽车费用-油料费,汽车费用-油料费,汽车费用-油料费
800,1,4000,6601160200,汽车费用-过路过桥费,汽车费用-过路过桥费,汽车费用-过路过桥费
800,1,4000,6601160300,汽车费用-洗车费,汽车费用-洗车费,汽车费用-洗车费
800,1,4000,6601160400,汽车费用-停车费,汽车费用-停车费,汽车费用-停车费
800,1,4000,6601160500,汽车费用-修理费,汽车费用-修理费,汽车费用-修理费
800,1,4000,6601160600,汽车费用-出车补助(删除),汽车费用-出车补助(删除),汽车费用-出车补助(删除)
800,1,4000,6601160700,汽车费用-年审费,汽车费用-年审费,汽车费用-年审费
800,1,4000,6601160800,汽车费用-养路费(删除),汽车费用-养路费(删除),汽车费用-养路费(删除)
800,1,4000,6601160900,汽车费用-保险费,汽车费用-保险费,汽车费用-保险费
800,1,4000,6601170000,租赁费,租赁费,租赁费
800,1,4000,6601180000,水费,水费,水费
800,1,4000,6601190000,电费,电费,电费
800,1,4000,6601210000,董事会费,董事会费,董事会费
800,1,4000,6601220100,房产税(删除),房产税(删除),房产税(删除)
800,1,4000,6601220200,土地使用税(删除),土地使用税(删除),土地使用税(删除)
800,1,4000,6601220300,车船使用税(删除),车船使用税(删除),车船使用税(删除)
800,1,4000,6601220400,印花税(删除),印花税(删除),印花税(删除)
800,1,4000,6601220500,残疾人保障金,残疾人保障金,残疾人保障金
800,1,4000,6601220600,在职职工个人教育费附加(删除),在职职工个人教育费附加(删除),在职职工个人教育费附加(删除)
800,1,4000,6601220700,其他税金(删除),其他税金(删除),其他税金(删除)
800,1,4000,6601230000,劳动保护费,劳动保护费,劳动保护费
800,1,4000,6601240000,中介机构费,中介机构费,中介机构费
800,1,4000,6601250000,业务招待费,业务招待费,业务招待费
800,1,4000,6601260000,会员费及会务费,会员费及会务费,会员费及会务费
800,1,4000,6601270000,环境保护费,环境保护费,环境保护费
800,1,4000,6601290000,无形资产摊销,无形资产摊销,无形资产摊销
800,1,4000,6601300000,存货盘盈盘亏毁损报废,存货盘盈盘亏毁损报废,存货盘盈盘亏毁损报废
800,1,4000,6601310000,存货报损(删除),存货报损(删除),存货报损(删除)
800,1,4000,6601320000,财产保险费,财产保险费,财产保险费
800,1,4000,6601330000,试验检验费,试验检验费,试验检验费
800,1,4000,6601340100,技术研发费-直接材料费,技术研发费-直接材料费,技术研发费-直接材料费
800,1,4000,6601340200,技术研发费-直接能耗费,技术研发费-直接能耗费,技术研发费-直接能耗费
800,1,4000,6601340300,技术研发费-研发成果论证费,技术研发费-研发成果论证费,技术研发费-研发成果论证费
800,1,4000,6601340400,技术研发费-研发成果鉴定费,技术研发费-研发成果鉴定费,技术研发费-研发成果鉴定费
800,1,4000,6601340500,技术研发费-研发成果评审费,技术研发费-研发成果评审费,技术研发费-研发成果评审费
800,1,4000,6601340600,技术研发费-研发成果其他费用,技术研发费-研发成果其他费用,技术研发费-研发成果其他费用
800,1,4000,6601340700,技术研发费-工资,技术研发费-工资,技术研发费-工资
800,1,4000,6601340800,技术研发费-基本养老保险,技术研发费-基本养老保险,技术研发费-基本养老保险
800,1,4000,6601340900,技术研发费-基本医疗保险,技术研发费-基本医疗保险,技术研发费-基本医疗保险
800,1,4000,6601341000,技术研发费-失业保险费,技术研发费-失业保险费,技术研发费-失业保险费
800,1,4000,6601341100,技术研发费-工伤保险费,技术研发费-工伤保险费,技术研发费-工伤保险费
800,1,4000,6601341200,技术研发费-生育保险费,技术研发费-生育保险费,技术研发费-生育保险费
800,1,4000,6601341300,技术研发费-综合保险费,技术研发费-综合保险费,技术研发费-综合保险费
800,1,4000,6601341400,技术研发费-住房公积金,技术研发费-住房公积金,技术研发费-住房公积金
800,1,4000,6601341500,技术研发费-试验试制费,技术研发费-试验试制费,技术研发费-试验试制费
800,1,4000,6601341600,技术研发费-折旧费,技术研发费-折旧费,技术研发费-折旧费
800,1,4000,6601341700,技术研发费-差旅费,技术研发费-差旅费,技术研发费-差旅费
800,1,4000,6601341800,技术研发费-会议费,技术研发费-会议费,技术研发费-会议费
800,1,4000,6601341900,技术研发费-国际合作与交流费,技术研发费-国际合作与交流费,技术研发费-国际合作与交流费
800,1,4000,6601342000,技术研发费-设计费,技术研发费-设计费,技术研发费-设计费
800,1,4000,6601342100,技术研发费-无形资产摊销,技术研发费-无形资产摊销,技术研发费-无形资产摊销
800,1,4000,6601342200,技术研发费-委外投入,技术研发费-委外投入,技术研发费-委外投入
800,1,4000,6601342300,技术研发费-劳务费,技术研发费-劳务费,技术研发费-劳务费
800,1,4000,6601342400,技术研发费-专家咨询费,技术研发费-专家咨询费,技术研发费-专家咨询费
800,1,4000,6601342500,技术研发费-福利费,技术研发费-福利费,技术研发费-福利费
800,1,4000,6601342600,技术研发费-租赁费,技术研发费-租赁费,技术研发费-租赁费
800,1,4000,6601342700,技术研发费-修理费,技术研发费-修理费,技术研发费-修理费
800,1,4000,6601349900,技术研发费-其他,技术研发费-其他,技术研发费-其他
800,1,4000,6601350000,装修及转让费,装修及转让费,装修及转让费
800,1,4000,6601360000,周转材料费,周转材料费,周转材料费
800,1,4000,6601370000,研发费（删除）,研发费（删除）,研发费（删除）
800,1,4000,6601380000,商标专利费,商标专利费,商标专利费
800,1,4000,6601390000,开办费,开办费,开办费
800,1,4000,6601400000,项目经费-材料费,项目经费-材料费,项目经费-材料费
800,1,4000,6601400100,项目经费-设备费,项目经费-设备费,项目经费-设备费
800,1,4000,6601400200,项目经费-测试化验加工费,项目经费-测试化验加工费,项目经费-测试化验加工费
800,1,4000,6601400300,项目经费-燃料动力费,项目经费-燃料动力费,项目经费-燃料动力费
800,1,4000,6601400400,项目经费-差旅费,项目经费-差旅费,项目经费-差旅费
800,1,4000,6601400500,项目经费-会议费,项目经费-会议费,项目经费-会议费
800,1,4000,6601400600,项目经费-国际合作与交流费,项目经费-国际合作与交流费,项目经费-国际合作与交流费
800,1,4000,6601400700,项目经费-出版/文献/信息传播/知识产权,项目经费-出版/文献/信息传播/知识产权事务费,项目经费-出版/文献/信息传播/知识产权事务费
800,1,4000,6601400800,项目经费-劳务费,项目经费-劳务费,项目经费-劳务费
800,1,4000,6601400900,项目经费-专家咨询费,项目经费-专家咨询费,项目经费-专家咨询费
800,1,4000,6601401000,项目经费-其他费用,项目经费-其他费用,项目经费-其他费用
800,1,4000,6601401100,项目经费-间接费用,项目经费-间接费用,项目经费-间接费用
800,1,4000,6601401200,删除,删除,删除
800,1,4000,6601410000,动力能耗费,动力能耗费,动力能耗费
800,1,4000,6601420000,招聘费,招聘费,招聘费
800,1,4000,6601430000,项目经费-差旅费（删除）,项目经费-差旅费（删除）,项目经费-差旅费（删除）
800,1,4000,6601440000,删除,删除,删除
800,1,4000,6601450000,项目经费-国际合作与交流费（删除）,项目经费-国际合作与交流费（删除）,项目经费-国际合作与交流费（删除）
800,1,4000,6601460000,项目经费-出版文献信息传播知识产权删除,项目经费出版／文献／信息传播／知识产权事务费（删除）,项目经费出版／文献／信息传播／知识产权事务费（删除
800,1,4000,6601470000,删除,删除,删除
800,1,4000,6601480000,删除,删除,删除
800,1,4000,6601490000,删除,删除,删除
800,1,4000,6601500000,删除,删除,删除
800,1,4000,6601510000,删除,删除,删除
800,1,4000,6601520000,删除,删除,删除
800,1,4000,6601530000,劳务费,劳务费,劳务费
800,1,4000,6601540000,服务费,服务费,服务费
800,1,4000,6601550000,物业费,物业费,物业费
800,1,4000,6601560000,平台推广服务费,平台推广服务费,平台推广服务费
800,1,4000,6601560100,平台推广服务费-广宣,平台推广服务费-广宣,平台推广服务费-广宣
800,1,4000,6601560200,平台推广服务费-其他,平台推广服务费-其他,平台推广服务费-其他
800,1,4000,6601570000,备用科目,备用科目,备用科目
800,1,4000,6601570100,运营服务费-基础运营,运营服务费-基础运营,运营服务费-基础运营
800,1,4000,6601570200,运营服务费-增值运营,运营服务费-增值运营,运营服务费-增值运营
800,1,4000,6601570300,运营服务费-三方代运营,运营服务费-三方代运营,运营服务费-三方代运营
800,1,4000,6601570400,运营服务费-其他,运营服务费-其他,运营服务费-其他
800,1,4000,6601580000,备用科目,备用科目,备用科目
800,1,4000,6601590000,备用科目,备用科目,备用科目
800,1,4000,6601600000,备用科目,备用科目,备用科目
800,1,4000,6601990000,其他费用,其他费用,其他费用
800,1,4000,6601999999,制造费用结转(删除),制造费用结转(删除),制造费用结转(删除)
800,1,4000,6603010100,财务费用-内部拆借利息支出,财务费用-内部拆借利息支出,财务费用-内部拆借利息支出
800,1,4000,6603010200,财务费用-其他利息支出,财务费用-其他利息支出,财务费用-其他利息支出
800,1,4000,6603020000,财务费用-利息收入,财务费用-利息收入,财务费用-利息收入
800,1,4000,6603030000,财务费用-手续费,财务费用-手续费,财务费用-手续费
800,1,4000,6603040000,财务费用-汇兑损失,财务费用-汇兑损失,财务费用-汇兑损失
800,1,4000,6603050000,财务费用-汇兑收益,财务费用-汇兑收益,财务费用-汇兑收益
800,1,4000,6603060000,财务费用-统借统贷利息收入,财务费用-统借统贷利息收入,财务费用-统借统贷利息收入
800,1,4000,6603070000,财务费用-财政贴息,财务费用-财政贴息,财务费用-财政贴息
800,1,4000,6603080000,财务费用-委托贷款利息收入,财务费用-委托贷款利息收入,财务费用-委托贷款利息收入
800,1,4000,6603090000,财务费用-租赁利息,财务费用-租赁利息,财务费用-租赁利息
800,1,4000,6603990000,财务费用-其他费用,财务费用-其他费用,财务费用-其他费用
800,1,4000,6701010000,资产减值损失-应收款坏账减值损失(删除),资产减值损失-应收款坏账减值损失(删除),资产减值损失-应收款坏账减值损失(删除)
800,1,4000,6701020000,资产减值损失-其他应收坏账减值损失(删除,资产减值损失-其他应收坏账减值损失(删除),资产减值损失-其他应收坏账减值损失(删除)
800,1,4000,6701030000,资产减值损失-存货跌价损失,资产减值损失-存货跌价损失,资产减值损失-存货跌价损失
800,1,4000,6701040000,资产减值损失-持有到期投资减值损失,资产减值损失-持有到期投资减值损失,资产减值损失-持有到期投资减值损失
800,1,4000,6701050000,资产减值损失-长期股权投资减值损失,资产减值损失-长期股权投资减值损失,资产减值损失-长期股权投资减值损失
800,1,4000,6701060000,资产减值损失-固定资产减值损失,资产减值损失-固定资产减值损失,资产减值损失-固定资产减值损失
800,1,4000,6701070000,资产减值损失-在建工程减值损失,资产减值损失-在建工程减值损失,资产减值损失-在建工程减值损失
800,1,4000,6701080000,资产减值损失-工程物资减值损失,资产减值损失-工程物资减值损失,资产减值损失-工程物资减值损失
800,1,4000,6701090000,资产减值损失-无形资产减值损失,资产减值损失-无形资产减值损失,资产减值损失-无形资产减值损失
800,1,4000,6701100000,资产减值损失-可供出售金融资产减值损失,资产减值损失-可供出售金融资产减值损失,资产减值损失-可供出售金融资产减值损失
800,1,4000,6701110000,资产减值损失-投资性房地产减值损失,资产减值损失-投资性房地产减值损失,资产减值损失-投资性房地产减值损失
800,1,4000,6701120000,资产减值损失-生产性生物资产损失,资产减值损失-生产性生物资产损失,资产减值损失-生产性生物资产损失
800,1,4000,6701130000,信用减值损失,信用减值损失,信用减值损失
800,1,4000,6701130100,信用减值损失-其他应收款坏账损失,信用减值损失-其他应收款坏账损失,信用减值损失-其他应收款坏账损失
800,1,4000,6701130200,信用减值损失-应收账款坏账损失,信用减值损失-应收账款坏账损失,信用减值损失-应收账款坏账损失
800,1,4000,6701140000,资产减值损失-使用权资产减值,资产减值损失-使用权资产减值,资产减值损失-使用权资产减值
800,1,4000,6711010000,营业外支出-罚没支出,营业外支出-罚没支出,营业外支出-罚没支出
800,1,4000,6711020000,营业外支出-非流动资产处置损失,营业外支出-非流动资产处置损失,营业外支出-非流动资产处置损失
800,1,4000,6711030000,营业外支出-盘亏损失,营业外支出-盘亏损失,营业外支出-盘亏损失
800,1,4000,6711040000,营业外支出-非货币性资产交换损失,营业外支出-非货币性资产交换损失,营业外支出-非货币性资产交换损失
800,1,4000,6711050000,营业外支出-债务重组损失,营业外支出-债务重组损失,营业外支出-债务重组损失
800,1,4000,6711060000,营业外支出-公益性捐赠支出,营业外支出-公益性捐赠支出,营业外支出-公益性捐赠支出
800,1,4000,6711070000,营业外支出-非常损失,营业外支出-非常损失,营业外支出-非常损失
800,1,4000,6711080000,营业外支出-滞纳金,营业外支出-滞纳金,营业外支出-滞纳金
800,1,4000,6711090000,营业外支出-非公益性捐赠支出,营业外支出-非公益性捐赠支出,营业外支出-非公益性捐赠支出
800,1,4000,6711990000,营业外支出-其他,营业外支出-其他,营业外支出-其他
800,1,4000,6801010000,所得税费用-当期所得税费用,所得税费用-当期所得税费用,所得税费用-当期所得税费用
800,1,4000,6801020000,所得税费用-递延所得税费用,所得税费用-递延所得税费用,所得税费用-递延所得税费用
800,1,4000,6901000000,以前年度损益调整,以前年度损益调整,以前年度损益调整
800,1,4000,6999999999,FI/CO统驭,FI/CO统驭,FI/CO统驭
800,1,4000,9999999995,期初数据导入-总账,期初数据导入-总账,期初数据导入-总账
800,1,4000,9999999996,期初数据导入-应收,期初数据导入-应收,期初数据导入-应收
800,1,4000,9999999997,期初数据导入-应付,期初数据导入-应付,期初数据导入-应付
800,1,4000,9999999998,期初数据导入-资产,期初数据导入-资产,期初数据导入-资产
800,1,4000,9999999999,期初数据导入-存货,期初数据导入-存货,期初数据导入-存货
